Rk,Player,Nation,Pos,Squad,Age,Born,90s,Tkl,TklW,Def 3rd,Mid 3rd,Att 3rd,Tkl,Att,Tkl%,Lost,Blocks,Sh,Pass,Int,Tkl+Int,Clr,Err,Matches
1,Max Aarons,eng ENG,DF,Bournemouth,25-110,2000,1.0,2,2,1,1,0,1,1,100.0,0,3,1,2,1,3,0,0,Matches
2,Joshua Acheampong,eng ENG,DF,Chelsea,18-354,2006,1.9,2,1,2,0,0,2,2,100.0,0,1,0,1,1,3,2,0,Matches
3,Tyler Adams,us USA,MF,Bournemouth,26-069,1999,17.0,74,45,23,44,7,34,62,54.8,28,27,7,20,29,103,35,0,Matches
4,Tosin Adarabioyo,eng ENG,DF,Chelsea,27-212,1997,13.7,14,10,10,4,0,8,12,66.7,4,9,7,2,10,24,62,0,Matches
5,Simon Adingra,ci CIV,"FW,MF",Brighton,23-113,2002,9.2,16,9,8,6,2,6,18,33.3,12,10,0,10,7,23,4,1,Matches
6,Emmanuel Agbadou,ci CIV,DF,Wolves,27-311,1997,10.7,22,15,14,8,0,9,15,60.0,6,14,10,4,9,31,68,0,Matches
7,Asher Agbinone,eng ENG,MF,Crystal Palace,19-208,2005,0.1,2,1,0,2,0,0,0,,0,0,0,0,0,2,0,0,Matches
8,Ola Aina,ng NGA,DF,Nott'ham Forest,28-198,1996,28.5,53,40,39,13,1,34,58,58.6,24,32,12,20,30,83,95,3,Matches
9,Rayan Aït-Nouri,dz ALG,DF,Wolves,23-322,2001,30.0,80,50,50,24,6,40,64,62.5,24,39,6,33,22,102,65,1,Matches
10,Kristoffer Ajer,no NOR,DF,Brentford,27-007,1998,15.4,24,16,13,10,1,14,26,53.8,12,17,4,13,12,36,49,0,Matches
11,Manuel Akanji,ch SUI,DF,Manchester City,29-279,1995,19.0,15,10,8,4,3,7,12,58.3,5,11,8,3,7,22,55,3,Matches
12,Nathan Aké,nl NED,DF,Manchester City,30-065,1995,7.5,9,7,7,2,0,4,6,66.7,2,7,2,5,3,12,22,1,Matches
13,Carlos Alcaraz,ar ARG,MF,Southampton,22-145,2002,0.1,0,0,0,0,0,0,0,,0,0,0,0,1,1,0,0,Matches
14,Carlos Alcaraz,ar ARG,"FW,MF",Everton,22-145,2002,5.0,11,5,5,3,3,3,9,33.3,6,4,1,3,3,14,6,0,Matches
15,Trent Alexander-Arnold,eng ENG,DF,Liverpool,26-199,1998,24.1,68,48,41,18,9,47,100,47.0,53,25,8,17,30,98,52,4,Matches
16,Alisson,br BRA,GK,Liverpool,32-204,1992,22.9,1,0,1,0,0,0,1,0.0,1,0,0,0,0,1,13,1,Matches
17,Miguel Almirón,py PAR,FW,Newcastle Utd,31-073,1994,1.7,3,2,2,0,1,2,3,66.7,1,2,0,2,0,3,0,0,Matches
18,Edson Álvarez,mx MEX,MF,West Ham,27-182,1997,18.1,44,23,24,12,8,15,33,45.5,18,21,8,13,16,60,39,1,Matches
19,Will Alves,eng ENG,FW,Leicester City,20-080,2005,0.0,0,0,0,0,0,0,0,,0,0,0,0,0,0,0,0,Matches
20,Harry Amass,eng ENG,DF,Manchester Utd,18-039,2007,1.8,4,1,4,0,0,1,3,33.3,2,3,0,3,1,5,8,0,Matches
21,Samuel Amo-Ameyaw,eng ENG,"FW,DF",Southampton,18-280,2006,0.3,1,0,0,1,0,1,1,100.0,0,0,0,0,0,1,0,0,Matches
22,Mathis Amougou,fr FRA,MF,Chelsea,19-096,2006,0.1,0,0,0,0,0,0,0,,0,0,0,0,0,0,0,0,Matches
23,Joachim Andersen,dk DEN,DF,Crystal Palace,28-328,1996,1.0,1,1,1,0,0,1,2,50.0,1,0,0,0,0,1,7,0,Matches
24,Joachim Andersen,dk DEN,DF,Fulham,28-328,1996,23.7,24,17,18,5,1,13,19,68.4,6,28,22,6,30,54,144,1,Matches
25,Elliot Anderson,eng ENG,MF,Nott'ham Forest,22-169,2002,25.7,78,50,48,23,7,42,93,45.2,51,41,8,33,26,104,62,3,Matches
Rk,Player,Nation,Pos,Squad,Age,Born,90s,Tkl,TklW,Def 3rd,Mid 3rd,Att 3rd,Tkl,Att,Tkl%,Lost,Blocks,Sh,Pass,Int,Tkl+Int,Clr,Err,Matches
26,André,br BRA,MF,Wolves,23-282,2001,23.2,69,42,30,34,5,30,53,56.6,23,40,8,32,29,98,27,1,Matches
27,Michail Antonio,jm JAM,FW,West Ham,35-027,1990,9.3,2,2,0,1,1,2,3,66.7,1,6,0,6,0,2,2,0,Matches
28,Antony,br BRA,"DF,MF",Manchester Utd,25-059,2000,1.6,6,3,4,2,0,2,5,40.0,3,2,0,2,2,8,0,0,Matches
29,Julian Araujo,mx MEX,DF,Bournemouth,23-254,2001,4.0,7,3,3,4,0,4,10,40.0,6,3,0,3,4,11,14,0,Matches
30,Cameron Archer,eng ENG,FW,Southampton,23-277,2001,14.8,11,7,6,3,2,2,9,22.2,7,5,1,4,2,13,8,0,Matches
31,Alphonse Areola,fr FRA,GK,West Ham,32-056,1993,21.1,2,2,2,0,0,2,3,66.7,1,0,0,0,0,2,14,2,Matches
32,Joe Aribo,ng NGA,"MF,DF",Southampton,28-277,1996,21.2,44,30,15,23,6,17,34,50.0,17,24,9,15,20,64,29,3,Matches
33,Adam Armstrong,eng ENG,"FW,MF",Southampton,28-073,1997,13.9,12,3,2,7,3,3,14,21.4,11,6,1,5,3,15,8,0,Matches
34,Harrison Armstrong,eng ENG,MF,Everton,18-095,2007,0.5,0,0,0,0,0,0,1,0.0,1,0,0,0,0,0,1,0,Matches
35,Kepa Arrizabalaga,es ESP,GK,Bournemouth,30-203,1994,26.0,1,0,1,0,0,0,1,0.0,1,1,0,1,0,1,11,3,Matches
36,Marco Asensio,es ESP,"MF,FW",Aston Villa,29-093,1996,5.3,7,5,0,7,0,3,8,37.5,5,2,0,2,1,8,3,0,Matches
37,Brandon Austin,eng ENG,GK,Tottenham,26-106,1999,1.0,0,0,0,0,0,0,0,,0,0,0,0,0,0,1,0,Matches
38,Taiwo Awoniyi,ng NGA,FW,Nott'ham Forest,27-255,1997,4.2,6,3,0,3,3,4,5,80.0,1,1,0,1,0,6,7,0,Matches
39,Yasin Ayari,se SWE,MF,Brighton,21-200,2003,18.3,51,28,15,26,10,20,47,42.6,27,21,6,15,19,70,20,0,Matches
40,Jordan Ayew,gh GHA,"FW,MF",Crystal Palace,33-225,1991,0.2,1,0,0,0,1,0,0,,0,0,0,0,0,1,0,0,Matches
41,Jordan Ayew,gh GHA,"FW,MF",Leicester City,33-225,1991,14.6,24,13,7,12,5,6,19,31.6,13,14,0,14,12,36,16,0,Matches
42,Benoît Badiashile,fr FRA,DF,Chelsea,24-029,2001,3.7,9,6,5,4,0,4,5,80.0,1,2,2,0,6,15,12,2,Matches
43,Leon Bailey,jm JAM,"FW,MF",Aston Villa,27-258,1997,12.6,6,4,1,3,2,2,10,20.0,8,6,0,6,3,9,12,0,Matches
44,Carlos Baleba,cm CMR,MF,Brighton,21-111,2004,24.7,67,37,22,32,13,42,69,60.9,27,42,9,33,39,106,31,1,Matches
45,Ross Barkley,eng ENG,MF,Aston Villa,31-140,1993,6.3,13,3,4,9,0,9,13,69.2,4,9,3,6,10,23,5,0,Matches
46,Harvey Barnes,eng ENG,FW,Newcastle Utd,27-136,1997,14.9,16,9,4,6,6,3,7,42.9,4,7,1,6,6,22,12,1,Matches
47,Calvin Bassey,ng NGA,DF,Fulham,25-114,1999,30.2,51,32,33,18,0,20,28,71.4,8,37,17,20,18,69,99,8,Matches
48,Altay Bayındır,tr TUR,GK,Manchester Utd,27-010,1998,1.0,0,0,0,0,0,0,1,0.0,1,0,0,0,0,0,3,1,Matches
49,Jan Bednarek,pl POL,DF,Southampton,29-012,1996,25.1,35,18,22,13,0,15,30,50.0,15,43,32,11,52,87,163,5,Matches
50,Armel Bella Kotchap,de GER,DF,Southampton,23-134,2001,3.7,7,5,5,2,0,3,6,50.0,3,2,2,0,5,12,21,1,Matches
Rk,Player,Nation,Pos,Squad,Age,Born,90s,Tkl,TklW,Def 3rd,Mid 3rd,Att 3rd,Tkl,Att,Tkl%,Lost,Blocks,Sh,Pass,Int,Tkl+Int,Clr,Err,Matches
51,Jean-Ricner Bellegarde,fr FRA,"MF,FW",Wolves,26-301,1998,16.4,32,18,15,14,3,12,18,66.7,6,17,3,14,10,42,15,1,Matches
52,Rodrigo Bentancur,uy URU,MF,Tottenham,27-303,1997,16.9,38,20,17,17,4,19,39,48.7,20,24,8,16,36,74,33,1,Matches
53,Daniel Bentley,eng ENG,GK,Wolves,31-285,1993,1.0,0,0,0,0,0,0,0,,0,0,0,0,0,0,0,0,Matches
54,Sander Berge,no NOR,MF,Fulham,27-069,1998,21.9,48,28,22,22,4,25,37,67.6,12,26,8,18,20,68,33,1,Matches
55,Lucas Bergvall,se SWE,MF,Tottenham,19-081,2006,12.5,37,19,13,19,5,17,31,54.8,14,16,7,9,22,59,20,3,Matches
56,Victor Bernth Kristiansen,dk DEN,DF,Leicester City,22-129,2002,26.4,85,50,54,26,5,47,87,54.0,40,37,14,23,40,125,72,3,Matches
57,Beto,gw GNB,FW,Everton,27-083,1998,12.5,13,6,2,7,4,5,7,71.4,2,6,1,5,3,16,17,0,Matches
58,Philip Billing,dk DEN,MF,Bournemouth,28-317,1996,2.0,14,5,7,6,1,3,4,75.0,1,3,0,3,5,19,2,0,Matches
59,Yves Bissouma,ml MLI,MF,Tottenham,28-237,1996,13.4,44,28,17,24,3,17,32,53.1,15,7,4,3,14,58,32,4,Matches
60,Oscar Bobb,no NOR,FW,Manchester City,21-286,2003,0.2,0,0,0,0,0,0,0,,0,0,0,0,0,0,0,0,Matches
61,Lamare Bogarde,nl NED,"DF,MF",Aston Villa,21-109,2004,5.3,14,6,6,6,2,10,16,62.5,6,5,3,2,1,15,13,0,Matches
62,Willy Boly,ci CIV,DF,Nott'ham Forest,34-080,1991,1.7,6,1,5,1,0,4,4,100.0,0,4,2,2,3,9,12,0,Matches
63,Sven Botman,nl NED,DF,Newcastle Utd,25-102,2000,2.5,5,3,2,3,0,2,3,66.7,1,2,1,1,4,9,12,0,Matches
64,Jarrod Bowen,eng ENG,"FW,MF",West Ham,28-125,1996,28.2,36,23,13,9,14,17,37,45.9,20,21,3,18,16,52,22,0,Matches
65,Conor Bradley,nir NIR,DF,Liverpool,21-289,2003,5.9,11,8,5,4,2,8,16,50.0,8,4,0,4,3,14,21,0,Matches
66,Jarrad Branthwaite,eng ENG,DF,Everton,22-301,2002,24.1,33,18,25,8,0,18,25,72.0,7,28,20,8,23,56,172,3,Matches
67,James Bree,eng ENG,DF,Southampton,27-195,1997,9.9,15,10,5,9,1,7,17,41.2,10,8,3,5,8,23,24,0,Matches
68,Ben Brereton,cl CHI,FW,Southampton,26-006,1999,5.0,3,2,0,2,1,1,9,11.1,8,2,1,1,0,3,4,0,Matches
69,Nathan Broadhead,wls WAL,"MF,FW",Ipswich Town,27-019,1998,6.7,7,3,2,5,0,3,9,33.3,6,6,1,5,4,11,5,0,Matches
70,Armando Broja,al ALB,FW,Everton,23-226,2001,3.7,3,1,1,1,1,0,0,,0,3,0,3,1,4,4,0,Matches
71,David Brooks,wls WAL,"FW,MF",Bournemouth,27-290,1997,9.1,11,4,2,6,3,1,13,7.7,12,16,2,14,5,16,7,1,Matches
72,Emi Buendía,ar ARG,"MF,FW",Aston Villa,28-120,1996,1.1,6,6,3,2,1,0,5,0.0,5,5,1,4,0,6,2,0,Matches
73,Santiago Bueno,uy URU,DF,Wolves,26-166,1998,18.6,39,20,21,17,1,16,21,76.2,5,33,19,14,15,54,69,0,Matches
74,Facundo Buonanotte,ar ARG,"FW,MF",Leicester City,20-122,2004,15.9,49,28,15,20,14,20,65,30.8,45,32,6,26,10,59,14,0,Matches
75,Cameron Burgess,au AUS,DF,Ipswich Town,29-185,1995,14.1,12,8,10,2,0,7,9,77.8,2,18,13,5,13,25,98,2,Matches
Rk,Player,Nation,Pos,Squad,Age,Born,90s,Tkl,TklW,Def 3rd,Mid 3rd,Att 3rd,Tkl,Att,Tkl%,Lost,Blocks,Sh,Pass,Int,Tkl+Int,Clr,Err,Matches
76,Dan Burn,eng ENG,DF,Newcastle Utd,32-350,1992,32.0,32,18,19,12,1,16,31,51.6,15,31,22,9,25,57,166,3,Matches
77,Wes Burns,wls WAL,"FW,DF",Ipswich Town,30-152,1994,10.3,13,11,1,9,3,4,10,40.0,6,7,2,5,10,23,13,2,Matches
78,Nathan Butler-Oyedeji,eng ENG,FW,Arsenal,22-110,2003,0.1,0,0,0,0,0,0,0,,0,0,0,0,0,0,0,0,Matches
79,Moisés Caicedo,ec ECU,MF,Chelsea,23-173,2001,32.2,97,61,35,48,14,47,76,61.8,29,44,9,35,43,140,46,1,Matches
80,Tom Cairney,sct SCO,MF,Fulham,34-094,1991,5.4,10,5,4,2,4,4,7,57.1,3,5,1,4,4,14,1,1,Matches
81,Jens Cajuste,se SWE,MF,Ipswich Town,25-257,1999,19.7,39,19,18,20,1,19,47,40.4,28,24,9,15,25,64,32,2,Matches
82,Riccardo Calafiori,it ITA,DF,Arsenal,22-340,2002,10.3,26,18,15,9,2,18,29,62.1,11,12,6,6,9,35,25,0,Matches
83,Dominic Calvert-Lewin,eng ENG,FW,Everton,28-039,1997,17.5,9,7,1,4,4,2,6,33.3,4,6,2,4,6,15,18,0,Matches
84,Diego Carlos,br BRA,DF,Aston Villa,32-040,1993,9.2,8,3,6,1,1,4,6,66.7,2,13,7,6,5,13,36,2,Matches
85,Fabio Carvalho,pt POR,"FW,MF",Brentford,22-237,2002,5.1,13,9,4,4,5,6,13,46.2,7,6,1,5,3,16,2,0,Matches
86,Casemiro,br BRA,MF,Manchester Utd,33-060,1992,14.1,74,43,43,22,9,39,64,60.9,25,33,10,23,12,86,46,3,Matches
87,Kaelan Casey,eng ENG,DF,West Ham,20-178,2004,0.0,0,0,0,0,0,0,0,,0,0,0,0,0,0,1,0,Matches
88,Matty Cash,pl POL,DF,Aston Villa,27-260,1997,19.0,46,26,24,19,3,23,33,69.7,10,17,6,11,21,67,55,2,Matches
89,Eiran Cashin,ie IRL,DF,Brighton,23-166,2001,0.2,0,0,0,0,0,0,1,0.0,1,0,0,0,0,0,2,0,Matches
90,Timothy Castagne,be BEL,DF,Fulham,29-140,1995,18.1,46,29,28,15,3,26,45,57.8,19,15,6,9,22,68,82,0,Matches
91,Trevoh Chalobah,eng ENG,DF,Crystal Palace,25-293,1999,11.8,20,16,7,12,1,12,23,52.2,11,19,9,10,19,39,57,3,Matches
92,Trevoh Chalobah,eng ENG,DF,Chelsea,25-293,1999,7.3,5,2,2,3,0,4,5,80.0,1,4,2,2,7,12,31,1,Matches
93,Conor Chaplin,eng ENG,"MF,FW",Ipswich Town,28-067,1997,6.9,12,5,4,6,2,6,13,46.2,7,8,1,7,3,15,2,0,Matches
94,Youssef Chermiti,pt POR,"FW,MF",Everton,20-335,2004,0.2,0,0,0,0,0,0,0,,0,0,0,0,0,0,0,0,Matches
95,Federico Chiesa,it ITA,FW,Liverpool,27-181,1997,0.4,0,0,0,0,0,0,2,0.0,2,1,0,1,0,0,0,0,Matches
96,Ben Chilwell,eng ENG,DF,Crystal Palace,28-124,1996,1.5,4,4,2,2,0,0,3,0.0,3,3,1,2,4,8,11,0,Matches
97,Chiquinho,pt POR,MF,Wolves,25-078,2000,0.1,0,0,0,0,0,0,0,,0,0,0,0,0,0,0,0,Matches
98,Hamza Choudhury,bd BAN,"MF,DF",Leicester City,27-205,1997,1.5,1,1,1,0,0,1,3,33.3,2,4,2,2,5,6,2,0,Matches
99,Ryan Christie,sct SCO,MF,Bournemouth,30-061,1995,23.5,54,33,19,27,8,27,64,42.2,37,44,11,33,30,84,51,3,Matches
100,Harry Clarke,eng ENG,DF,Ipswich Town,24-053,2001,4.2,5,3,3,2,0,3,6,50.0,3,5,4,1,4,9,14,3,Matches
Rk,Player,Nation,Pos,Squad,Age,Born,90s,Tkl,TklW,Def 3rd,Mid 3rd,Att 3rd,Tkl,Att,Tkl%,Lost,Blocks,Sh,Pass,Int,Tkl+Int,Clr,Err,Matches
101,Jack Clarke,eng ENG,"FW,MF",Ipswich Town,24-152,2000,11.0,28,17,11,9,8,16,31,51.6,15,6,0,6,7,35,26,1,Matches
102,Nathaniel Clyne,eng ENG,"DF,MF",Crystal Palace,34-019,1991,5.4,12,8,8,3,1,6,11,54.5,5,4,2,2,3,15,14,1,Matches
103,Conor Coady,eng ENG,DF,Leicester City,32-058,1993,14.0,11,8,5,5,1,2,4,50.0,2,24,18,6,11,22,54,2,Matches
104,Séamus Coleman,ie IRL,DF,Everton,36-195,1988,2.2,2,1,1,1,0,2,3,66.7,1,5,3,2,1,3,7,0,Matches
105,Nathan Collins,ie IRL,DF,Brentford,23-359,2001,33.0,35,20,21,10,4,21,31,67.7,10,68,48,20,31,66,196,2,Matches
106,Toby Collyer,eng ENG,MF,Manchester Utd,21-111,2004,2.0,12,9,6,6,0,5,6,83.3,1,2,1,1,2,14,3,0,Matches
107,Levi Colwill,eng ENG,DF,Chelsea,22-057,2003,30.0,37,25,18,16,3,16,25,64.0,9,33,23,10,31,68,95,4,Matches
108,Lewis Cook,eng ENG,"MF,DF",Bournemouth,28-080,1997,30.1,76,41,39,34,3,35,65,53.8,30,28,10,18,40,116,63,0,Matches
109,Maxwel Cornet,ci CIV,FW,Southampton,28-209,1996,0.8,5,5,1,4,0,0,4,0.0,4,0,0,0,0,5,2,0,Matches
110,Vladimír Coufal,cz CZE,DF,West Ham,32-245,1992,9.6,17,11,10,5,2,7,17,41.2,10,13,11,2,8,25,34,1,Matches
111,Woyo Coulibaly,fr FRA,DF,Leicester City,25-339,1999,1.2,6,4,4,2,0,2,2,100.0,0,3,1,2,5,11,1,0,Matches
112,Aaron Cresswell,eng ENG,DF,West Ham,35-130,1989,6.5,8,4,3,4,1,6,8,75.0,2,7,4,3,6,14,30,0,Matches
113,Marc Cucurella,es ESP,DF,Chelsea,26-276,1998,28.2,54,36,29,20,5,25,50,50.0,25,39,12,27,22,76,73,3,Matches
114,Jorge Cuenca,es ESP,DF,Fulham,25-158,1999,2.9,2,2,2,0,0,2,5,40.0,3,3,3,0,2,4,21,0,Matches
115,Matheus Cunha,br BRA,"MF,FW",Wolves,25-332,1999,25.0,34,20,16,14,4,11,35,31.4,24,19,1,18,16,50,23,0,Matches
116,Patson Daka,zm ZAM,"FW,MF",Leicester City,26-197,1998,7.2,17,9,4,9,4,7,17,41.2,10,7,1,6,1,18,8,0,Matches
117,Diogo Dalot,pt POR,DF,Manchester Utd,26-037,1999,31.0,67,39,39,22,6,34,52,65.4,18,22,9,13,37,104,72,0,Matches
118,Mikkel Damsgaard,dk DEN,"MF,FW",Brentford,24-295,2000,27.7,73,40,27,23,23,27,69,39.1,42,33,2,31,25,98,30,2,Matches
119,Danilo,br BRA,"MF,FW",Nott'ham Forest,23-360,2001,3.0,6,3,5,1,0,2,4,50.0,2,2,1,1,3,9,3,0,Matches
120,Jayden Danns,eng ENG,MF,Liverpool,19-098,2006,0.1,0,0,0,0,0,0,1,0.0,1,0,0,0,0,0,0,0,Matches
121,Kevin Danso,at AUT,DF,Tottenham,26-217,1998,4.4,5,4,2,3,0,4,6,66.7,2,4,4,0,2,7,28,1,Matches
122,Ben Davies,wls WAL,DF,Tottenham,32-000,1993,10.5,13,9,6,7,0,6,13,46.2,7,18,11,7,10,23,56,1,Matches
123,Leif Davis,eng ENG,DF,Ipswich Town,25-102,2000,28.5,45,26,32,9,4,29,46,63.0,17,24,8,16,25,70,72,3,Matches
124,Craig Dawson,eng ENG,DF,Wolves,34-353,1990,10.8,15,3,8,6,1,12,15,80.0,3,16,11,5,9,24,52,1,Matches
125,Kevin De Bruyne,be BEL,"MF,FW",Manchester City,33-300,1991,16.2,15,8,6,5,4,4,21,19.0,17,8,0,8,7,22,10,1,Matches
Rk,Player,Nation,Pos,Squad,Age,Born,90s,Tkl,TklW,Def 3rd,Mid 3rd,Att 3rd,Tkl,Att,Tkl%,Lost,Blocks,Sh,Pass,Int,Tkl+Int,Clr,Err,Matches
126,Liam Delap,eng ENG,FW,Ipswich Town,22-075,2003,26.2,10,7,3,2,5,2,14,14.3,12,8,0,8,2,12,26,0,Matches
127,Sepp van den Berg,nl NED,DF,Brentford,23-125,2001,23.7,35,22,22,9,4,16,25,64.0,9,47,33,14,19,54,115,2,Matches
128,Justin Devenny,nir NIR,MF,Crystal Palace,21-195,2003,4.8,14,9,6,7,1,7,14,50.0,7,3,0,3,0,14,10,0,Matches
129,Kiernan Dewsbury-Hall,eng ENG,"MF,FW",Chelsea,26-230,1998,2.9,8,5,1,1,6,4,6,66.7,2,2,0,2,1,9,8,1,Matches
130,Amad Diallo,ci CIV,"FW,MF",Manchester Utd,22-287,2002,17.7,33,26,6,19,8,15,26,57.7,11,10,0,10,11,44,16,0,Matches
131,Rúben Dias,pt POR,DF,Manchester City,27-345,1997,21.2,15,9,6,8,1,6,9,66.7,3,17,14,3,18,33,57,3,Matches
132,Luis Díaz,co COL,FW,Liverpool,28-101,1997,23.9,33,21,10,17,6,13,34,38.2,21,15,0,15,7,40,7,1,Matches
133,Tyler Dibling,eng ENG,"FW,MF",Southampton,19-043,2006,18.7,34,20,13,18,3,16,26,61.5,10,18,5,13,7,41,14,1,Matches
134,Lucas Digne,fr FRA,DF,Aston Villa,31-278,1993,24.9,62,36,37,16,9,42,62,67.7,20,23,4,19,25,87,82,1,Matches
135,Issa Diop,fr FRA,DF,Fulham,28-105,1997,14.9,26,12,18,8,0,13,18,72.2,5,10,7,3,9,35,72,2,Matches
136,Axel Disasi,fr FRA,DF,Aston Villa,27-044,1998,5.4,8,5,7,1,0,3,7,42.9,4,4,1,3,5,13,18,0,Matches
137,Axel Disasi,fr FRA,DF,Chelsea,27-044,1998,4.0,7,4,5,1,1,6,11,54.5,5,4,1,3,2,9,11,1,Matches
138,Roman Dixon,eng ENG,DF,Everton,20-119,2004,1.0,5,5,3,2,0,4,4,100.0,0,1,0,1,1,6,3,0,Matches
139,Nasser Djiga,bf BFA,"DF,FW",Wolves,22-160,2002,0.2,0,0,0,0,0,0,0,,0,0,0,0,2,2,3,1,Matches
140,Matt Doherty,ie IRL,DF,Wolves,33-098,1992,20.2,35,19,23,12,0,14,21,66.7,7,25,15,10,21,56,87,3,Matches
141,Jeremy Doku,be BEL,"FW,MF",Manchester City,22-332,2002,14.5,28,19,9,12,7,7,14,50.0,7,10,1,9,4,32,2,0,Matches
142,Nicolás Domínguez,ar ARG,"MF,FW",Nott'ham Forest,26-300,1998,18.0,75,40,35,29,11,29,63,46.0,34,34,11,23,26,101,43,1,Matches
143,Patrick Dorgu,dk DEN,DF,Manchester Utd,20-180,2004,5.5,21,15,10,9,2,12,17,70.6,5,8,0,8,1,22,15,1,Matches
144,Alfie Dorrington,eng ENG,DF,Tottenham,20-004,2005,0.2,0,0,0,0,0,0,0,,0,0,0,0,0,0,0,0,Matches
145,Abdoulaye Doucouré,ml MLI,MF,Everton,32-113,1993,25.9,42,25,19,16,7,12,33,36.4,21,29,6,23,9,51,18,1,Matches
146,Cheick Doucouré,ml MLI,MF,Crystal Palace,25-106,2000,5.0,16,8,6,8,2,5,11,45.5,6,4,0,4,11,27,10,1,Matches
147,Flynn Downes,eng ENG,MF,Southampton,26-094,1999,18.9,41,22,18,19,4,13,31,41.9,18,21,5,16,30,71,35,4,Matches
148,Tommy Doyle,eng ENG,MF,Wolves,23-189,2001,5.4,11,6,6,3,2,6,15,40.0,9,11,5,6,5,16,11,1,Matches
149,Radu Drăgușin,ro ROU,DF,Tottenham,23-080,2002,13.9,10,6,8,2,0,6,12,50.0,6,22,16,6,15,25,49,4,Matches
150,Martin Dúbravka,sk SVK,GK,Newcastle Utd,36-099,1989,10.0,0,0,0,0,0,0,0,,0,0,0,0,0,0,3,0,Matches
Rk,Player,Nation,Pos,Squad,Age,Born,90s,Tkl,TklW,Def 3rd,Mid 3rd,Att 3rd,Tkl,Att,Tkl%,Lost,Blocks,Sh,Pass,Int,Tkl+Int,Clr,Err,Matches
151,Lewis Dunk,eng ENG,DF,Brighton,33-154,1991,21.1,16,9,8,6,2,10,18,55.6,8,24,16,8,12,28,69,2,Matches
152,Jáder Durán,co COL,FW,Aston Villa,21-132,2003,7.1,8,7,1,2,5,1,4,25.0,3,5,0,5,0,8,13,0,Matches
153,Ederson,br BRA,GK,Manchester City,31-250,1993,21.8,0,0,0,0,0,0,2,0.0,2,0,0,0,1,1,9,2,Matches
154,George Edmundson,eng ENG,DF,Ipswich Town,27-236,1997,0.0,0,0,0,0,0,0,0,,0,0,0,0,0,0,0,0,Matches
155,Odsonne Édouard,fr FRA,"MF,FW",Crystal Palace,27-098,1998,1.3,1,0,0,1,0,0,2,0.0,2,1,0,1,0,1,1,0,Matches
156,Odsonne Édouard,fr FRA,FW,Leicester City,27-098,1998,0.3,1,1,1,0,0,0,0,,0,0,0,0,0,1,1,0,Matches
157,Samuel Edozie,eng ENG,"DF,FW",Southampton,22-086,2003,0.7,3,1,0,1,2,2,2,100.0,0,0,0,0,0,3,0,0,Matches
158,Ronnie Edwards,eng ENG,DF,Southampton,22-027,2003,0.1,0,0,0,0,0,0,0,,0,1,1,0,0,0,0,0,Matches
159,Anthony Elanga,se SWE,FW,Nott'ham Forest,22-362,2002,22.8,17,12,7,8,2,4,16,25.0,12,9,1,8,5,22,25,0,Matches
160,Harvey Elliott,eng ENG,"MF,FW",Liverpool,22-020,2003,2.0,3,2,2,1,0,0,3,0.0,3,3,1,2,1,4,2,0,Matches
161,Yunus Emre Konak,tr TUR,"FW,MF",Brentford,19-104,2006,0.4,4,4,0,4,0,1,2,50.0,1,2,0,2,0,4,0,0,Matches
162,Julio Enciso,py PAR,"MF,FW",Ipswich Town,21-091,2004,6.1,10,7,2,5,3,3,4,75.0,1,2,0,2,1,11,3,0,Matches
163,Julio Enciso,py PAR,"MF,FW",Brighton,21-091,2004,3.3,0,0,0,0,0,0,2,0.0,2,2,0,2,0,0,1,0,Matches
164,Wataru Endo,jp JPN,MF,Liverpool,32-074,1993,1.7,8,6,4,4,0,5,8,62.5,3,3,0,3,3,11,5,0,Matches
165,Christian Eriksen,dk DEN,MF,Manchester Utd,33-069,1992,11.0,19,9,4,12,3,11,24,45.8,13,13,4,9,7,26,7,0,Matches
166,Romain Esse,eng ENG,MF,Crystal Palace,19-346,2005,0.4,2,2,2,0,0,2,2,100.0,0,1,0,1,1,3,0,0,Matches
167,Pervis Estupiñán,ec ECU,DF,Brighton,27-093,1998,22.7,51,34,27,17,7,27,40,67.5,13,15,2,13,30,81,53,2,Matches
168,Evanilson,br BRA,FW,Bournemouth,25-200,1999,21.1,14,9,6,5,3,6,10,60.0,4,10,2,8,0,14,20,0,Matches
169,Jake Evans,,FW,Leicester City,,,0.0,0,0,0,0,0,0,0,,0,0,0,0,0,0,0,0,Matches
170,Jonny Evans,nir NIR,DF,Manchester Utd,37-111,1988,3.2,7,5,4,3,0,2,4,50.0,2,2,1,1,4,11,13,0,Matches
171,Eberechi Eze,eng ENG,"MF,FW",Crystal Palace,26-299,1998,26.0,37,22,13,15,9,17,35,48.6,18,26,0,26,11,48,9,3,Matches
172,Łukasz Fabiański,pl POL,GK,West Ham,40-006,1985,11.9,0,0,0,0,0,0,1,0.0,1,0,0,0,0,0,5,1,Matches
173,Wout Faes,be BEL,DF,Leicester City,27-021,1998,26.3,38,23,25,11,2,22,42,52.4,20,43,31,12,26,64,150,4,Matches
174,Abdul Fatawu Issahaku,gh GHA,FW,Leicester City,21-047,2004,6.4,21,15,13,2,6,11,19,57.9,8,7,0,7,4,25,12,0,Matches
175,João Félix,pt POR,"FW,MF",Chelsea,25-165,1999,4.1,8,3,2,5,1,5,9,55.6,4,2,0,2,3,11,2,0,Matches
Rk,Player,Nation,Pos,Squad,Age,Born,90s,Tkl,TklW,Def 3rd,Mid 3rd,Att 3rd,Tkl,Att,Tkl%,Lost,Blocks,Sh,Pass,Int,Tkl+Int,Clr,Err,Matches
176,Evan Ferguson,ie IRL,FW,West Ham,20-187,2004,1.6,2,0,0,1,1,0,0,,0,2,1,1,1,3,1,0,Matches
177,Evan Ferguson,ie IRL,FW,Brighton,20-187,2004,2.7,4,3,0,3,1,2,5,40.0,3,3,1,2,0,4,4,0,Matches
178,Bruno Fernandes,pt POR,MF,Manchester Utd,30-228,1994,29.6,73,44,22,36,15,29,75,38.7,46,30,4,26,25,98,34,2,Matches
179,Mateus Fernandes,pt POR,MF,Southampton,20-288,2004,27.8,78,43,39,25,14,27,58,46.6,31,35,3,32,19,97,28,6,Matches
180,Enzo Fernández,ar ARG,MF,Chelsea,24-097,2001,27.8,59,29,15,27,17,27,74,36.5,47,32,5,27,11,70,20,4,Matches
181,Mark Flekken,nl NED,GK,Brentford,31-315,1993,31.4,4,4,4,0,0,3,9,33.3,6,2,0,2,0,4,26,3,Matches
182,Phil Foden,eng ENG,"MF,FW",Manchester City,24-331,2000,18.7,12,5,5,4,3,7,17,41.2,10,12,1,11,9,21,7,1,Matches
183,Wesley Fofana,fr FRA,DF,Chelsea,24-128,2000,13.0,13,12,6,7,0,6,14,42.9,8,14,9,5,14,27,55,2,Matches
184,Carlos Forbs,pt POR,"MF,FW",Wolves,21-036,2004,2.6,8,5,5,2,1,4,5,80.0,1,3,0,3,1,9,2,1,Matches
185,Fraser Forster,eng ENG,GK,Tottenham,37-038,1988,7.0,0,0,0,0,0,0,1,0.0,1,0,0,0,0,0,7,3,Matches
186,Matheus França,br BRA,"FW,MF",Crystal Palace,21-023,2004,0.3,1,0,0,1,0,0,0,,0,0,0,0,0,1,0,0,Matches
187,Ryan Fraser,sct SCO,"FW,DF",Southampton,31-059,1994,3.4,6,2,2,4,0,4,6,66.7,2,1,1,0,1,7,9,0,Matches
188,Tyler Fredricson,eng ENG,DF,Manchester Utd,20-060,2005,1.0,4,2,2,2,0,0,1,0.0,1,0,0,0,1,5,4,0,Matches
189,Niclas Füllkrug,de GER,FW,West Ham,32-074,1993,6.0,2,2,0,1,1,2,3,66.7,1,1,0,1,0,2,11,0,Matches
190,Cody Gakpo,nl NED,FW,Liverpool,25-352,1999,17.3,24,12,5,10,9,11,23,47.8,12,18,2,16,9,33,16,1,Matches
191,Idrissa Gana Gueye,sn SEN,MF,Everton,35-210,1989,29.1,119,70,56,48,15,51,82,62.2,31,43,9,34,40,159,29,1,Matches
192,Andrés García,es ESP,"DF,MF",Aston Villa,22-076,2003,3.5,9,5,5,3,1,4,8,50.0,4,2,0,2,2,11,10,2,Matches
193,Alejandro Garnacho,ar ARG,"MF,FW",Manchester Utd,20-297,2004,21.8,28,18,10,6,12,11,33,33.3,22,17,0,17,11,39,10,2,Matches
194,James Garner,eng ENG,"MF,DF",Everton,24-042,2001,12.7,34,22,20,12,2,17,32,53.1,15,14,3,11,16,50,32,0,Matches
195,Tyrique George,eng ENG,FW,Chelsea,19-079,2006,1.1,2,0,2,0,0,2,3,66.7,1,0,0,0,1,3,1,0,Matches
196,Morgan Gibbs-White,eng ENG,MF,Nott'ham Forest,25-087,2000,26.4,39,18,14,19,6,15,30,50.0,15,14,4,10,17,56,26,1,Matches
197,Billy Gilmour,sct SCO,MF,Brighton,23-317,2001,1.1,3,3,2,1,0,3,4,75.0,1,1,0,1,0,3,1,0,Matches
198,Ben Godfrey,eng ENG,DF,Ipswich Town,27-099,1998,1.2,0,0,0,0,0,0,0,,0,1,1,0,2,2,1,0,Matches
199,Martial Godo,eng ENG,FW,Fulham,22-041,2003,0.2,0,0,0,0,0,0,0,,0,1,0,1,1,1,0,0,Matches
200,João Gomes,br BRA,MF,Wolves,24-071,2001,28.9,95,56,47,44,4,37,93,39.8,56,38,3,35,25,120,30,0,Matches
Rk,Player,Nation,Pos,Squad,Age,Born,90s,Tkl,TklW,Def 3rd,Mid 3rd,Att 3rd,Tkl,Att,Tkl%,Lost,Blocks,Sh,Pass,Int,Tkl+Int,Clr,Err,Matches
201,Rodrigo Gomes,pt POR,"DF,FW",Wolves,21-291,2003,7.0,19,12,10,9,0,9,17,52.9,8,8,1,7,5,24,19,1,Matches
202,Toti Gomes,pt POR,DF,Wolves,26-098,1999,24.0,49,36,33,14,2,26,33,78.8,7,26,16,10,22,71,127,5,Matches
203,Diego Gómez,py PAR,MF,Brighton,22-028,2003,4.8,17,10,8,7,2,9,18,50.0,9,10,0,10,7,24,9,1,Matches
204,Joe Gomez,eng ENG,DF,Liverpool,27-336,1997,5.8,13,10,5,7,1,11,16,68.8,5,9,6,3,7,20,20,2,Matches
205,Nicolás González,es ESP,MF,Manchester City,23-111,2002,7.2,15,6,5,6,4,6,11,54.5,5,9,0,9,4,19,16,0,Matches
206,Anthony Gordon,eng ENG,FW,Newcastle Utd,24-059,2001,24.2,31,17,9,18,4,12,34,35.3,22,24,2,22,6,37,9,2,Matches
207,Ryan Gravenberch,nl NED,MF,Liverpool,22-343,2002,31.5,62,32,23,28,11,29,49,59.2,20,33,10,23,56,118,56,0,Matches
208,Archie Gray,eng ENG,"DF,MF",Tottenham,19-043,2006,15.0,12,6,3,6,3,6,16,37.5,10,19,10,9,10,22,39,2,Matches
209,Jack Grealish,eng ENG,"FW,MF",Manchester City,29-226,1995,8.0,9,5,4,2,3,2,5,40.0,3,12,2,10,2,11,5,1,Matches
210,Jacob Greaves,eng ENG,DF,Ipswich Town,24-224,2000,19.5,29,13,12,16,1,15,24,62.5,9,31,22,9,18,47,113,2,Matches
211,Brajan Gruda,de GER,"FW,MF",Brighton,20-328,2004,5.5,13,5,5,5,3,7,14,50.0,7,8,0,8,2,15,5,1,Matches
212,Albert Grønbaek,dk DEN,"FW,MF",Southampton,23-336,2001,1.6,4,1,1,1,2,3,10,30.0,7,1,1,0,0,4,1,0,Matches
213,Gonçalo Guedes,pt POR,"MF,FW",Wolves,28-146,1996,8.6,14,4,2,5,7,3,15,20.0,12,9,0,9,5,19,3,0,Matches
214,Marc Guéhi,eng ENG,DF,Crystal Palace,24-285,2000,32.0,56,31,32,22,2,30,45,66.7,15,53,22,31,25,81,148,2,Matches
215,Luis Guilherme,br BRA,"MF,FW",West Ham,19-074,2006,1.5,1,0,1,0,0,0,3,0.0,3,7,0,7,3,4,2,0,Matches
216,Bruno Guimarães,br BRA,MF,Newcastle Utd,27-159,1997,31.4,70,41,34,25,11,29,61,47.5,32,32,9,23,27,97,38,4,Matches
217,Marc Guiu,es ESP,FW,Chelsea,19-110,2006,0.8,1,1,0,1,0,1,1,100.0,0,0,0,0,0,1,0,0,Matches
218,İlkay Gündoğan,de GER,MF,Manchester City,34-182,1990,21.9,24,13,4,15,5,10,23,43.5,13,14,0,14,13,37,22,0,Matches
219,Malo Gusto,fr FRA,DF,Chelsea,21-340,2003,20.2,43,28,26,15,2,24,47,51.1,23,29,8,21,23,66,46,5,Matches
220,Joško Gvardiol,hr CRO,DF,Manchester City,23-091,2002,32.4,51,34,24,17,10,19,37,51.4,18,39,19,20,36,87,115,8,Matches
221,Erling Haaland,no NOR,FW,Manchester City,24-277,2000,27.6,9,5,3,3,3,2,6,33.3,4,11,1,10,5,14,23,0,Matches
222,Lewis Hall,eng ENG,DF,Newcastle Utd,20-228,2004,24.3,58,41,28,22,8,40,74,54.1,34,33,18,15,18,76,75,3,Matches
223,Ali Al Hamadi,iq IRQ,FW,Ipswich Town,23-054,2002,1.5,1,0,0,0,1,0,2,0.0,2,0,0,0,0,1,2,0,Matches
224,Marcus Harness,eng ENG,MF,Ipswich Town,29-059,1996,0.5,1,0,0,0,1,0,3,0.0,3,2,1,1,0,1,1,0,Matches
225,Jack Harrison,eng ENG,FW,Everton,28-155,1996,20.3,30,21,12,11,7,14,40,35.0,26,18,2,16,8,38,32,2,Matches
Rk,Player,Nation,Pos,Squad,Age,Born,90s,Tkl,TklW,Def 3rd,Mid 3rd,Att 3rd,Tkl,Att,Tkl%,Lost,Blocks,Sh,Pass,Int,Tkl+Int,Clr,Err,Matches
226,Taylor Harwood-Bellis,eng ENG,DF,Southampton,23-084,2002,27.5,27,19,13,11,3,19,32,59.4,13,57,36,21,30,57,120,6,Matches
227,Kai Havertz,de GER,"FW,MF",Arsenal,25-317,1999,20.4,16,9,3,6,7,4,15,26.7,11,22,4,18,6,22,31,1,Matches
228,Ayden Heaven,eng ENG,DF,Manchester Utd,18-214,2006,1.1,3,3,1,2,0,2,2,100.0,0,2,2,0,1,4,6,0,Matches
229,Jan Paul van Hecke,nl NED,DF,Brighton,24-320,2000,28.9,39,25,20,18,1,20,37,54.1,17,32,19,13,23,62,128,2,Matches
230,Hwang Hee-chan,kr KOR,"MF,FW",Wolves,29-088,1996,7.2,6,4,2,1,3,2,6,33.3,4,9,0,9,2,8,11,0,Matches
231,Dean Henderson,eng ENG,GK,Crystal Palace,28-043,1997,34.0,2,1,2,0,0,2,6,33.3,4,0,0,0,0,2,21,0,Matches
232,Rico Henry,eng ENG,DF,Brentford,27-290,1997,0.2,0,0,0,0,0,0,2,0.0,2,0,0,0,1,1,0,0,Matches
233,Mads Hermansen,dk DEN,GK,Leicester City,24-287,2000,25.5,1,1,1,0,0,1,1,100.0,0,1,0,1,0,1,13,3,Matches
234,Son Heung-min,kr KOR,FW,Tottenham,32-290,1992,22.3,17,9,3,8,6,5,23,21.7,18,10,0,10,5,22,16,1,Matches
235,James Hill,eng ENG,DF,Bournemouth,23-104,2002,5.0,15,8,6,6,3,3,11,27.3,8,5,0,5,9,24,31,0,Matches
236,Jack Hinshelwood,eng ENG,"DF,MF",Brighton,20-013,2005,17.7,25,18,8,10,7,10,24,41.7,14,7,3,4,14,39,35,1,Matches
237,George Hirst,sct SCO,FW,Ipswich Town,26-068,1999,5.0,2,2,1,0,1,1,3,33.3,2,1,1,0,2,4,8,0,Matches
238,Mason Holgate,eng ENG,"FW,DF",Everton,28-184,1996,0.1,0,0,0,0,0,0,0,,0,0,0,0,0,0,0,0,Matches
239,Callum Hudson-Odoi,eng ENG,"FW,MF",Nott'ham Forest,24-168,2000,23.4,20,14,7,8,5,11,16,68.8,5,11,0,11,13,33,10,1,Matches
240,Will Hughes,eng ENG,MF,Crystal Palace,30-007,1995,20.8,61,33,17,31,13,27,59,45.8,32,29,14,15,19,80,23,3,Matches
241,Dean Huijsen,es ESP,DF,Bournemouth,20-010,2005,22.8,33,23,16,16,1,15,25,60.0,10,33,25,8,49,82,164,4,Matches
242,Omari Hutchinson,eng ENG,"MF,FW",Ipswich Town,21-176,2003,24.7,30,11,14,9,7,13,45,28.9,32,24,1,23,10,40,13,1,Matches
243,Rasmus Højlund,dk DEN,FW,Manchester Utd,22-079,2003,18.4,3,1,0,2,1,0,4,0.0,4,4,0,4,1,4,5,0,Matches
244,Igor,br BRA,DF,Brighton,27-076,1998,10.0,4,4,2,1,1,4,10,40.0,6,23,14,9,4,8,39,1,Matches
245,Danny Ings,eng ENG,"FW,MF",West Ham,32-275,1992,3.2,4,2,2,2,0,1,3,33.3,2,5,0,5,1,5,4,0,Matches
246,Tim Iroegbunam,eng ENG,MF,Everton,21-298,2003,6.3,27,13,12,10,5,14,22,63.6,8,16,4,12,15,42,11,1,Matches
247,Andy Irving,sct SCO,MF,West Ham,24-346,2000,1.8,7,4,3,3,1,1,5,20.0,4,5,1,4,1,8,5,0,Matches
248,Alexander Isak,se SWE,FW,Newcastle Utd,25-215,1999,26.8,12,5,2,3,7,5,12,41.7,7,18,2,16,3,15,15,1,Matches
249,Alex Iwobi,ng NGA,"FW,MF",Fulham,28-356,1996,29.3,37,21,13,19,5,17,28,60.7,11,25,1,24,11,48,28,0,Matches
250,Nicolas Jackson,sn SEN,FW,Chelsea,23-308,2001,22.5,18,11,4,5,9,3,8,37.5,5,12,2,10,3,21,15,0,Matches
Rk,Player,Nation,Pos,Squad,Age,Born,90s,Tkl,TklW,Def 3rd,Mid 3rd,Att 3rd,Tkl,Att,Tkl%,Lost,Blocks,Sh,Pass,Int,Tkl+Int,Clr,Err,Matches
251,Reece James,eng ENG,"DF,MF",Chelsea,25-137,1999,9.0,8,8,5,3,0,3,9,33.3,6,12,4,8,12,20,18,4,Matches
252,Vitaly Janelt,de GER,MF,Brentford,26-349,1998,25.0,38,22,14,13,11,21,36,58.3,15,33,9,24,27,65,53,1,Matches
253,Vitezslav Jaros,cz CZE,GK,Liverpool,23-275,2001,0.1,0,0,0,0,0,0,0,,0,0,0,0,0,0,0,0,Matches
254,Daniel Jebbison,eng ENG,FW,Bournemouth,21-254,2003,0.8,2,1,1,1,0,2,4,50.0,2,1,1,0,1,3,1,0,Matches
255,Mathias Jensen,dk DEN,MF,Brentford,29-113,1996,8.6,12,8,6,4,2,7,15,46.7,8,13,4,9,7,19,11,1,Matches
256,Gabriel Jesus,br BRA,FW,Arsenal,28-021,1997,6.8,10,6,4,3,3,4,9,44.4,5,10,1,9,4,14,8,0,Matches
257,Raúl Jiménez,mx MEX,FW,Fulham,33-354,1991,22.7,28,18,7,14,7,6,18,33.3,12,18,5,13,9,37,17,3,Matches
258,Kim Jisoo,kr KOR,DF,Brentford,20-121,2004,0.3,0,0,0,0,0,0,0,,0,0,0,0,0,0,2,0,Matches
259,João Pedro,br BRA,"FW,MF",Brighton,23-210,2001,21.6,16,12,6,6,4,4,11,36.4,7,12,0,12,9,25,12,0,Matches
260,Joelinton,br BRA,"MF,FW",Newcastle Utd,28-253,1996,26.6,57,35,23,23,11,25,44,56.8,19,37,7,30,23,80,47,2,Matches
261,Ben Johnson,eng ENG,"DF,FW",Ipswich Town,25-090,2000,14.6,35,22,21,11,3,18,39,46.2,21,21,5,16,13,48,53,1,Matches
262,Brennan Johnson,wls WAL,FW,Tottenham,23-336,2001,22.1,39,26,9,20,10,16,31,51.6,15,22,3,19,4,43,11,0,Matches
263,Sam Johnstone,eng ENG,GK,Wolves,32-030,1993,7.0,0,0,0,0,0,0,1,0.0,1,0,0,0,0,0,7,0,Matches
264,Curtis Jones,eng ENG,"MF,DF",Liverpool,24-084,2001,15.7,33,17,6,20,7,14,22,63.6,8,15,7,8,5,38,8,2,Matches
265,Jorginho,it ITA,MF,Arsenal,33-125,1991,7.8,12,4,1,7,4,8,20,40.0,12,3,0,3,7,19,2,2,Matches
266,Diogo Jota,pt POR,FW,Liverpool,28-141,1996,11.9,13,7,1,8,4,7,19,36.8,12,9,0,9,6,19,6,0,Matches
267,James Justin,eng ENG,DF,Leicester City,27-060,1998,28.2,48,29,25,18,5,27,49,55.1,22,38,12,26,42,90,124,3,Matches
268,Filip Jørgensen,dk DEN,GK,Chelsea,23-008,2002,6.0,0,0,0,0,0,0,0,,0,0,0,0,0,0,0,3,Matches
269,Ferdi Kadioglu,tr TUR,"DF,MF",Brighton,25-199,1999,4.3,10,6,4,5,1,6,15,40.0,9,2,2,0,8,18,17,0,Matches
270,Daichi Kamada,jp JPN,MF,Crystal Palace,28-262,1996,14.9,43,25,17,22,4,12,37,32.4,25,19,4,15,16,59,13,0,Matches
271,Boubacar Kamara,fr FRA,MF,Aston Villa,25-152,1999,15.3,46,19,25,17,4,26,51,51.0,25,17,7,10,16,62,45,3,Matches
272,Michael Kayode,it ITA,DF,Brentford,20-288,2004,1.4,9,5,7,2,0,5,5,100.0,0,0,0,0,1,10,4,0,Matches
273,Michael Keane,eng ENG,DF,Everton,32-103,1993,9.5,10,7,7,2,1,7,13,53.8,6,11,7,4,10,20,55,2,Matches
274,Caoimhín Kelleher,ie IRL,GK,Liverpool,26-152,1998,10.0,0,0,0,0,0,0,0,,0,0,0,0,0,0,1,2,Matches
275,Lloyd Kelly,eng ENG,DF,Newcastle Utd,26-200,1998,3.4,5,4,4,1,0,1,1,100.0,0,6,4,2,1,6,17,0,Matches
Rk,Player,Nation,Pos,Squad,Age,Born,90s,Tkl,TklW,Def 3rd,Mid 3rd,Att 3rd,Tkl,Att,Tkl%,Lost,Blocks,Sh,Pass,Int,Tkl+Int,Clr,Err,Matches
276,Milos Kerkez,hu HUN,DF,Bournemouth,21-168,2003,32.2,49,26,24,19,6,22,36,61.1,14,33,11,22,38,87,100,2,Matches
277,Bilal El Khannouss,ma MAR,MF,Leicester City,20-349,2004,20.4,45,25,15,25,5,14,25,56.0,11,18,4,14,6,51,9,3,Matches
278,Abdukodir Khusanov,uz UZB,DF,Manchester City,21-054,2004,5.6,5,4,4,1,0,2,3,66.7,1,5,4,1,3,8,29,1,Matches
279,Max Kilman,eng ENG,DF,West Ham,27-336,1997,32.2,30,17,13,14,3,19,23,82.6,4,54,37,17,36,66,179,4,Matches
280,Joshua King,eng ENG,"MF,FW",Fulham,18-111,2007,0.9,5,3,2,3,0,0,2,0.0,2,2,0,2,1,6,1,0,Matches
281,Antonín Kinský,cz CZE,GK,Tottenham,22-042,2003,4.0,3,1,3,0,0,1,1,100.0,0,0,0,0,0,3,5,1,Matches
282,Jakub Kiwior,pl POL,DF,Arsenal,25-068,2000,8.5,12,6,6,5,1,8,11,72.7,3,8,5,3,2,14,35,2,Matches
283,Justin Kluivert,nl NED,"MF,FW",Bournemouth,25-354,1999,22.5,21,9,4,10,7,4,19,21.1,15,20,0,20,13,34,23,1,Matches
284,Ibrahima Konaté,fr FRA,DF,Liverpool,25-334,1999,24.8,36,25,24,11,1,24,34,70.6,10,27,15,12,11,47,117,2,Matches
285,Ezri Konsa,eng ENG,DF,Aston Villa,27-183,1997,28.6,32,17,19,9,4,18,22,81.8,4,17,9,8,21,53,95,3,Matches
286,Mateo Kovačić,hr CRO,MF,Manchester City,30-353,1994,21.8,61,36,20,34,7,27,59,45.8,32,19,0,19,20,81,20,1,Matches
287,Caleb Kporha,eng ENG,DF,Crystal Palace,18-283,2006,0.1,2,1,2,0,0,2,2,100.0,0,0,0,0,0,2,1,0,Matches
288,Emil Krafth,se SWE,DF,Newcastle Utd,30-265,1994,3.2,4,2,2,1,1,2,3,66.7,1,5,4,1,2,6,11,0,Matches
289,Mohammed Kudus,gh GHA,"FW,MF",West Ham,24-265,2000,24.9,33,19,7,16,10,10,26,38.5,16,21,1,20,4,37,7,2,Matches
290,Dejan Kulusevski,se SWE,"MF,FW",Tottenham,24-364,2000,24.8,41,23,14,12,15,18,48,37.5,30,26,3,23,12,53,9,1,Matches
291,Maxence Lacroix,fr FRA,DF,Crystal Palace,25-018,2000,30.6,68,40,52,15,1,32,47,68.1,15,42,16,26,50,118,179,2,Matches
292,Adam Lallana,eng ENG,MF,Southampton,36-349,1988,4.0,8,5,4,4,0,2,12,16.7,10,4,1,3,5,13,5,0,Matches
293,Tariq Lamptey,gh GHA,DF,Brighton,24-206,2000,8.5,14,10,8,6,0,7,22,31.8,15,12,5,7,6,20,21,1,Matches
294,Will Lankshear,eng ENG,"FW,MF",Tottenham,20-004,2005,0.1,0,0,0,0,0,0,0,,0,0,0,0,0,0,0,0,Matches
295,Roméo Lavia,be BEL,MF,Chelsea,21-108,2004,6.0,17,10,5,9,3,7,14,50.0,7,6,0,6,11,28,5,0,Matches
296,Mario Lemina,ga GAB,"MF,DF",Wolves,31-235,1993,15.2,51,31,27,19,5,20,29,69.0,9,12,7,5,27,78,50,3,Matches
297,Bernd Leno,de GER,GK,Fulham,33-051,1992,33.0,2,2,2,0,0,2,2,100.0,0,1,0,1,0,2,8,4,Matches
298,Jefferson Lerma,co COL,"MF,DF",Crystal Palace,30-181,1994,22.6,30,15,12,14,4,17,33,51.5,16,32,15,17,35,65,60,1,Matches
299,Rico Lewis,eng ENG,"DF,MF",Manchester City,20-154,2004,20.1,29,19,13,12,4,13,21,61.9,8,27,7,20,13,42,43,1,Matches
300,Keane Lewis-Potter,eng ENG,"DF,FW",Brentford,24-061,2001,30.2,44,26,23,15,6,26,42,61.9,16,24,9,15,19,63,69,3,Matches
Rk,Player,Nation,Pos,Squad,Age,Born,90s,Tkl,TklW,Def 3rd,Mid 3rd,Att 3rd,Tkl,Att,Tkl%,Lost,Blocks,Sh,Pass,Int,Tkl+Int,Clr,Err,Matches
301,Myles Lewis-Skelly,eng ENG,DF,Arsenal,18-210,2006,12.0,21,14,10,9,2,9,9,100.0,0,1,0,1,6,27,18,0,Matches
302,Matthijs de Ligt,nl NED,DF,Manchester Utd,25-255,1999,23.2,30,22,17,12,1,23,32,71.9,9,29,21,8,33,63,92,0,Matches
303,Pedro Lima,br BRA,DF,Wolves,18-297,2006,0.8,1,0,0,0,1,1,3,33.3,2,0,0,0,2,3,5,0,Matches
304,Victor Lindelöf,se SWE,DF,Manchester Utd,30-281,1994,4.9,5,1,5,0,0,2,3,66.7,1,4,2,2,7,12,31,1,Matches
305,Jesper Lindstrøm,dk DEN,FW,Everton,25-054,2000,13.8,45,25,24,19,2,19,55,34.5,36,15,3,12,12,57,17,0,Matches
306,Valentino Livramento,eng ENG,DF,Newcastle Utd,22-163,2002,26.6,49,32,32,14,3,28,53,52.8,25,31,10,21,20,69,93,1,Matches
307,Sean Longstaff,eng ENG,MF,Newcastle Utd,27-176,1997,8.9,27,16,10,9,8,18,27,66.7,9,17,5,12,7,34,8,0,Matches
308,Saša Lukić,rs SRB,MF,Fulham,28-254,1996,22.6,60,34,17,37,6,17,47,36.2,30,16,6,10,25,85,32,0,Matches
309,Joe Lumley,eng ENG,GK,Southampton,30-068,1995,3.0,0,0,0,0,0,0,0,,0,0,0,0,0,0,3,3,Matches
310,Massimo Luongo,au AUS,MF,Ipswich Town,32-211,1992,2.1,8,5,6,1,1,4,7,57.1,3,4,2,2,2,10,2,0,Matches
311,Ian Maatsen,nl NED,DF,Aston Villa,23-045,2002,9.9,25,13,14,8,3,14,20,70.0,6,10,0,10,15,40,30,2,Matches
312,Alexis Mac Allister,ar ARG,MF,Liverpool,26-121,1998,27.5,88,54,24,49,15,49,92,53.3,43,58,5,53,21,109,28,1,Matches
313,James Maddison,eng ENG,MF,Tottenham,28-152,1996,19.6,30,18,8,15,7,9,28,32.1,19,15,4,11,11,41,19,1,Matches
314,Noni Madueke,eng ENG,FW,Chelsea,23-045,2002,18.3,20,14,7,11,2,12,32,37.5,20,13,0,13,8,28,10,0,Matches
315,Gabriel Magalhães,br BRA,DF,Arsenal,27-126,1997,26.3,25,15,12,8,5,12,16,75.0,4,42,29,13,16,41,93,2,Matches
316,Edmond-Paris Maghoma,eng ENG,"MF,FW",Brentford,23-351,2001,1.3,2,1,0,2,0,1,3,33.3,2,2,2,0,1,3,2,0,Matches
317,Harry Maguire,eng ENG,DF,Manchester Utd,32-050,1993,15.8,26,13,20,5,1,13,17,76.5,4,14,12,2,36,62,70,1,Matches
318,Kobbie Mainoo,eng ENG,MF,Manchester Utd,20-005,2005,15.0,38,24,16,11,11,21,34,61.8,13,15,2,13,18,56,6,1,Matches
319,Tyrell Malacia,nl NED,DF,Manchester Utd,25-250,1999,1.1,2,1,2,0,0,1,2,50.0,1,0,0,0,1,3,1,1,Matches
320,Donyell Malen,nl NED,FW,Aston Villa,26-105,1999,3.0,7,4,3,3,1,1,4,25.0,3,1,0,1,0,7,1,0,Matches
321,Orel Mangala,be BEL,MF,Everton,27-037,1998,14.0,16,8,3,11,2,5,8,62.5,3,8,3,5,21,37,24,1,Matches
322,Ryan Manning,ie IRL,"DF,MF",Southampton,28-314,1996,14.2,28,17,16,10,2,14,25,56.0,11,19,11,8,16,44,35,0,Matches
323,Solly March,eng ENG,"FW,MF",Brighton,30-278,1994,1.2,6,3,2,2,2,5,6,83.3,1,3,0,3,2,8,0,0,Matches
324,Omar Marmoush,eg EGY,"FW,MF",Manchester City,26-076,1999,10.2,11,6,2,7,2,7,14,50.0,7,14,1,13,5,16,3,0,Matches
325,Gabriel Martinelli,br BRA,"FW,MF",Arsenal,23-310,2001,21.7,19,14,7,5,7,6,22,27.3,16,10,0,10,4,23,15,0,Matches
Rk,Player,Nation,Pos,Squad,Age,Born,90s,Tkl,TklW,Def 3rd,Mid 3rd,Att 3rd,Tkl,Att,Tkl%,Lost,Blocks,Sh,Pass,Int,Tkl+Int,Clr,Err,Matches
326,Emiliano Martínez,ar ARG,GK,Aston Villa,32-234,1992,32.0,3,3,3,0,0,2,2,100.0,0,1,0,1,0,3,16,6,Matches
327,Lisandro Martínez,ar ARG,DF,Manchester Utd,27-096,1998,19.5,40,24,25,12,3,21,36,58.3,15,22,8,14,32,72,57,1,Matches
328,Pape Matar Sarr,sn SEN,MF,Tottenham,22-222,2002,17.7,42,30,16,21,5,11,22,50.0,11,21,7,14,24,66,17,1,Matches
329,Jean-Philippe Mateta,fr FRA,FW,Crystal Palace,27-300,1997,27.1,17,12,4,11,2,3,16,18.8,13,16,3,13,2,19,22,0,Matches
330,Stephy Mavididi,eng ENG,FW,Leicester City,26-328,1998,17.9,34,19,16,10,8,14,42,33.3,28,26,2,24,11,45,15,0,Matches
331,Konstantinos Mavropanos,gr GRE,DF,West Ham,27-134,1997,20.6,32,22,22,9,1,14,25,56.0,11,21,15,6,38,70,108,1,Matches
332,Noussair Mazraoui,ma MAR,DF,Manchester Utd,27-161,1997,28.5,100,59,52,35,13,50,84,59.5,34,32,8,24,33,133,83,1,Matches
333,Bryan Mbeumo,cm CMR,FW,Brentford,25-260,1999,32.9,41,26,16,13,12,17,29,58.6,12,21,3,18,14,55,44,1,Matches
334,James Mcatee,eng ENG,"MF,FW",Manchester City,22-188,2002,3.3,4,2,0,4,0,1,7,14.3,6,8,0,8,2,6,1,0,Matches
335,Kasey McAteer,ie IRL,"FW,MF",Leicester City,23-153,2001,5.4,11,8,6,4,1,6,18,33.3,12,10,1,9,3,14,11,0,Matches
336,Alex McCarthy,eng ENG,GK,Southampton,35-142,1989,5.0,0,0,0,0,0,0,0,,0,0,0,0,0,0,1,4,Matches
337,John McGinn,sct SCO,"MF,FW",Aston Villa,30-188,1994,22.1,31,22,10,13,8,11,26,42.3,15,20,2,18,14,45,14,3,Matches
338,Dwight McNeil,eng ENG,"MF,FW",Everton,25-153,1999,12.9,11,6,5,4,2,8,19,42.1,11,7,0,7,5,16,1,1,Matches
339,Scott McTominay,sct SCO,MF,Manchester Utd,28-137,1996,0.2,0,0,0,0,0,0,1,0.0,1,0,0,0,0,0,1,0,Matches
340,Ben Mee,eng ENG,DF,Brentford,35-215,1989,2.0,2,2,0,2,0,1,1,100.0,0,3,3,0,4,6,7,0,Matches
341,Jayden Meghoma,eng ENG,DF,Brentford,18-300,2006,0.1,0,0,0,0,0,0,0,,0,0,0,0,0,0,0,0,Matches
342,Mikel Merino,es ESP,"MF,FW",Arsenal,28-306,1996,15.6,38,22,6,21,11,15,29,51.7,14,17,5,12,13,51,24,1,Matches
343,Shumaira Mheuka,eng ENG,MF,Chelsea,17-186,2007,0.0,0,0,0,0,0,0,0,,0,0,0,0,0,0,0,0,Matches
344,Nikola Milenković,rs SRB,DF,Nott'ham Forest,27-194,1997,32.0,42,26,29,11,2,21,27,77.8,6,38,22,16,24,66,169,1,Matches
345,Lewis Miley,eng ENG,MF,Newcastle Utd,18-358,2006,2.5,11,9,4,6,1,6,11,54.5,5,5,1,4,2,13,5,2,Matches
346,James Milner,eng ENG,MF,Brighton,39-110,1986,1.9,5,2,1,3,1,3,3,100.0,0,4,2,2,2,7,2,1,Matches
347,Tyrone Mings,eng ENG,DF,Aston Villa,32-042,1993,11.7,6,5,5,1,0,2,2,100.0,0,13,11,2,7,13,58,1,Matches
348,Yankuba Minteh,gm GAM,"FW,MF",Brighton,20-276,2004,16.3,42,31,23,12,7,17,45,37.8,28,17,0,17,10,52,28,0,Matches
349,Tyrick Mitchell,eng ENG,DF,Crystal Palace,25-235,1999,31.7,85,52,53,25,7,21,41,51.2,20,62,12,50,14,99,97,2,Matches
350,Kaoru Mitoma,jp JPN,"FW,MF",Brighton,27-339,1997,27.7,41,24,13,13,15,17,44,38.6,27,46,3,43,13,54,10,0,Matches
Rk,Player,Nation,Pos,Squad,Age,Born,90s,Tkl,TklW,Def 3rd,Mid 3rd,Att 3rd,Tkl,Att,Tkl%,Lost,Blocks,Sh,Pass,Int,Tkl+Int,Clr,Err,Matches
351,Jakub Moder,pl POL,MF,Brighton,26-017,1999,0.1,1,0,1,0,0,0,2,0.0,2,0,0,0,0,1,3,0,Matches
352,Jeremy Monga,,FW,Leicester City,,,0.3,0,0,0,0,0,0,0,,0,0,0,0,0,0,0,0,Matches
353,Mikey Moore,eng ENG,"FW,MF",Tottenham,17-256,2007,2.1,0,0,0,0,0,0,1,0.0,1,1,0,1,1,1,1,0,Matches
354,Morato,br BRA,DF,Nott'ham Forest,23-298,2001,8.9,21,13,18,2,1,13,20,65.0,7,11,4,7,10,31,71,2,Matches
355,Álex Moreno,es ESP,"DF,MF",Nott'ham Forest,31-320,1993,10.6,25,18,20,5,0,15,39,38.5,24,11,5,6,15,40,43,0,Matches
356,Sam Morsy,eg EGY,MF,Ipswich Town,33-226,1991,25.9,60,34,33,23,4,25,56,44.6,31,29,11,18,28,88,40,4,Matches
357,Yerson Mosquera,co COL,DF,Wolves,23-357,2001,4.9,11,7,9,2,0,9,14,64.3,5,13,10,3,10,21,14,0,Matches
358,Mason Mount,eng ENG,"MF,FW",Manchester Utd,26-104,1999,3.9,8,2,4,4,0,6,8,75.0,2,7,1,6,2,10,0,0,Matches
359,Divin Mubama,eng ENG,FW,Manchester City,20-181,2004,0.3,0,0,0,0,0,0,0,,0,0,0,0,0,0,0,0,Matches
360,Mykhailo Mudryk,ua UKR,FW,Chelsea,24-109,2001,1.7,2,2,2,0,0,0,0,,0,3,1,2,0,2,1,0,Matches
361,Marshall Munetsi,zw ZIM,"MF,FW",Wolves,28-306,1996,7.8,18,9,4,9,5,10,15,66.7,5,8,1,7,5,23,14,0,Matches
362,Rodrigo Muniz,br BRA,FW,Fulham,23-355,2001,10.7,10,5,3,5,2,4,4,100.0,0,9,2,7,5,15,14,0,Matches
363,Daniel Muñoz,co COL,DF,Crystal Palace,28-333,1996,31.9,108,69,51,34,23,49,86,57.0,37,35,3,32,38,146,94,1,Matches
364,Arijanet Muric,xk KVX,GK,Ipswich Town,26-168,1998,18.0,0,0,0,0,0,0,2,0.0,2,0,0,0,0,0,10,5,Matches
365,Murillo,br BRA,DF,Nott'ham Forest,22-294,2002,31.5,49,33,34,12,3,26,44,59.1,18,66,43,23,29,78,219,3,Matches
366,Jacob Murphy,eng ENG,FW,Newcastle Utd,30-059,1995,22.4,22,15,7,9,6,16,30,53.3,14,30,0,30,11,33,25,1,Matches
367,Vitaliy Mykolenko,ua UKR,DF,Everton,25-330,1999,29.2,54,32,32,14,8,25,46,54.3,21,24,9,15,34,88,129,1,Matches
368,Iliman Ndiaye,sn SEN,FW,Everton,25-049,2000,23.5,47,25,18,15,14,19,44,43.2,25,24,4,20,17,64,22,1,Matches
369,Wilfred Ndidi,ng NGA,MF,Leicester City,28-129,1996,21.9,72,42,42,27,3,24,49,49.0,25,44,18,26,23,95,69,0,Matches
370,Kosta Nedeljković,rs SRB,DF,Aston Villa,19-129,2005,1.4,7,5,1,3,3,2,3,66.7,1,1,0,1,0,7,3,0,Matches
371,Reiss Nelson,eng ENG,FW,Arsenal,25-135,1999,0.0,1,0,0,1,0,0,1,0.0,1,0,0,0,0,1,1,0,Matches
372,Reiss Nelson,eng ENG,FW,Fulham,25-135,1999,5.4,8,6,3,3,2,5,13,38.5,8,11,0,11,5,13,2,0,Matches
373,Neto,br BRA,GK,Bournemouth,35-279,1989,2.0,0,0,0,0,0,0,0,,0,0,0,0,0,0,1,1,Matches
374,Pedro Neto,pt POR,FW,Chelsea,25-046,2000,20.4,19,9,7,8,4,6,16,37.5,10,12,2,10,8,27,4,0,Matches
375,Eddie Nketiah,eng ENG,"FW,MF",Crystal Palace,25-329,1999,9.8,12,5,6,2,4,5,11,45.5,6,10,1,9,2,14,10,0,Matches
Rk,Player,Nation,Pos,Squad,Age,Born,90s,Tkl,TklW,Def 3rd,Mid 3rd,Att 3rd,Tkl,Att,Tkl%,Lost,Blocks,Sh,Pass,Int,Tkl+Int,Clr,Err,Matches
376,Christopher Nkunku,fr FRA,FW,Chelsea,27-161,1997,10.2,12,8,3,4,5,6,8,75.0,2,9,2,7,7,19,10,0,Matches
377,Gustavo Nunes,br BRA,"MF,FW",Brentford,19-155,2005,0.0,0,0,0,0,0,0,0,,0,0,0,0,0,0,1,0,Matches
378,Matheus Nunes,pt POR,"DF,MF",Manchester City,26-240,1998,15.6,28,18,12,10,6,13,31,41.9,18,14,3,11,12,40,30,0,Matches
379,Darwin Núñez,uy URU,FW,Liverpool,25-304,1999,11.2,18,15,10,3,5,5,15,33.3,10,6,0,6,3,21,12,0,Matches
380,Ethan Nwaneri,eng ENG,"FW,MF",Arsenal,18-034,2007,9.1,11,7,4,4,3,7,18,38.9,11,8,2,6,2,13,4,1,Matches
381,Christian Nørgaard,dk DEN,MF,Brentford,31-045,1994,26.3,72,44,32,33,7,42,67,62.7,25,47,18,29,42,114,59,1,Matches
382,Jake O'Brien,ie IRL,DF,Everton,23-344,2001,13.5,19,13,16,3,0,13,20,65.0,7,14,4,10,3,22,75,0,Matches
383,Matt O'Riley,dk DEN,MF,Brighton,24-154,2000,7.5,15,9,4,8,3,4,11,36.4,7,6,3,3,12,27,6,1,Matches
384,Dara O'Shea,ie IRL,DF,Ipswich Town,26-051,1999,29.7,41,25,27,11,3,17,28,60.7,11,57,45,12,31,72,190,4,Matches
385,Chidozie Obi-Martin,dk DEN,FW,Manchester Utd,17-146,2007,0.5,1,0,0,0,1,1,1,100.0,0,0,0,0,0,1,1,0,Matches
386,Wilson Odobert,fr FRA,FW,Tottenham,20-147,2004,5.7,7,2,3,3,1,4,9,44.4,5,4,0,4,3,10,2,1,Matches
387,Chiedozie Ogbene,ie IRL,FW,Ipswich Town,27-358,1997,2.6,7,3,1,2,4,2,4,50.0,2,1,0,1,1,8,3,0,Matches
388,Caleb Okoli,it ITA,DF,Leicester City,23-285,2001,12.5,25,14,8,15,2,11,18,61.1,7,24,14,10,15,40,79,3,Matches
389,Robin Olsen,se SWE,GK,Aston Villa,35-106,1990,2.0,1,0,1,0,0,1,1,100.0,0,0,0,0,0,1,2,1,Matches
390,Amadou Onana,be BEL,MF,Aston Villa,23-251,2001,15.0,46,24,21,21,4,14,24,58.3,10,14,6,8,24,70,36,3,Matches
391,André Onana,cm CMR,GK,Manchester Utd,29-022,1996,32.0,1,1,1,0,0,1,3,33.3,2,0,0,0,0,1,11,4,Matches
392,Paul Onuachu,ng NGA,FW,Southampton,30-331,1994,10.9,7,2,1,5,1,3,7,42.9,4,6,1,5,1,8,15,1,Matches
393,Frank Onyeka,ng NGA,MF,Brentford,27-113,1998,0.3,0,0,0,0,0,0,0,,0,0,0,0,0,0,0,0,Matches
394,Lewis Orford,eng ENG,MF,West Ham,19-065,2006,0.5,0,0,0,0,0,0,0,,0,1,0,1,1,1,0,0,Matches
395,Stefan Ortega,de GER,GK,Manchester City,32-169,1992,12.2,0,0,0,0,0,0,1,0.0,1,0,0,0,0,0,11,1,Matches
396,William Osula,dk DEN,FW,Newcastle Utd,21-263,2003,1.0,1,0,0,0,1,0,1,0.0,1,0,0,0,4,5,2,0,Matches
397,Dango Ouattara,bf BFA,FW,Bournemouth,23-072,2002,20.5,31,23,11,11,9,16,38,42.1,22,33,8,25,8,39,48,0,Matches
398,Nico O’Reilly,eng ENG,DF,Manchester City,20-034,2005,5.1,7,4,3,2,2,2,5,40.0,3,2,0,2,3,10,11,0,Matches
399,Alex Palmer,eng ENG,GK,Ipswich Town,28-257,1996,9.0,0,0,0,0,0,0,0,,0,0,0,0,0,0,9,0,Matches
400,Cole Palmer,eng ENG,MF,Chelsea,22-353,2002,30.5,24,15,11,7,6,8,21,38.1,13,14,1,13,8,32,17,1,Matches
Rk,Player,Nation,Pos,Squad,Age,Born,90s,Tkl,TklW,Def 3rd,Mid 3rd,Att 3rd,Tkl,Att,Tkl%,Lost,Blocks,Sh,Pass,Int,Tkl+Int,Clr,Err,Matches
401,Emerson Palmieri,it ITA,DF,West Ham,30-264,1994,21.4,55,29,33,18,4,23,41,56.1,18,30,7,23,19,74,52,0,Matches
402,Lucas Paquetá,br BRA,"MF,FW",West Ham,27-240,1997,24.1,61,35,22,29,10,24,47,51.1,23,27,4,23,16,77,34,5,Matches
403,Thomas Partey,gh GHA,"MF,DF",Arsenal,31-315,1993,27.1,79,48,23,36,20,43,68,63.2,25,23,7,16,32,111,46,4,Matches
404,Nathan Patterson,sct SCO,"DF,FW",Everton,23-190,2001,2.3,4,1,2,2,0,2,6,33.3,4,2,0,2,0,4,4,0,Matches
405,Andreas Pereira,br BRA,MF,Fulham,29-113,1996,20.4,22,12,7,11,4,10,39,25.6,29,16,2,14,8,30,14,2,Matches
406,Ricardo Pereira,pt POR,DF,Leicester City,31-200,1993,3.3,7,4,1,3,3,4,10,40.0,6,6,2,4,2,9,9,0,Matches
407,Kalvin Phillips,eng ENG,MF,Ipswich Town,29-143,1995,13.5,34,19,8,19,7,15,38,39.5,23,35,6,29,19,53,37,2,Matches
408,Jaden Philogene Bidace,eng ENG,"FW,MF",Aston Villa,23-075,2002,3.7,11,5,4,7,0,4,6,66.7,2,5,0,5,3,14,2,1,Matches
409,Jaden Philogene Bidace,eng ENG,"FW,DF",Ipswich Town,23-075,2002,5.3,14,7,6,6,2,8,15,53.3,7,11,1,10,10,24,9,1,Matches
410,Jordan Pickford,eng ENG,GK,Everton,31-048,1994,33.0,1,0,1,0,0,1,2,50.0,1,0,0,0,1,2,29,1,Matches
411,Ethan Pinnock,jm JAM,DF,Brentford,31-330,1993,21.3,35,19,15,16,4,13,24,54.2,11,29,18,11,24,59,142,4,Matches
412,Daniel Podence,pt POR,"MF,FW",Wolves,29-185,1995,0.5,0,0,0,0,0,0,1,0.0,1,0,0,0,0,0,0,0,Matches
413,Alfie Pond,eng ENG,DF,Wolves,21-054,2004,0.0,0,0,0,0,0,0,0,,0,0,0,0,0,0,0,0,Matches
414,Nick Pope,eng ENG,GK,Newcastle Utd,33-005,1992,23.0,0,0,0,0,0,0,0,,0,1,0,1,1,1,28,5,Matches
415,Pedro Porro,es ESP,DF,Tottenham,25-223,1999,27.4,63,46,31,22,10,42,73,57.5,31,44,17,27,34,97,80,1,Matches
416,Jarell Quansah,eng ENG,DF,Liverpool,22-085,2003,3.5,10,7,8,2,0,5,7,71.4,2,5,5,0,5,15,15,0,Matches
417,Hákon Rafn Valdimarsson,is ISL,GK,Brentford,23-193,2001,1.6,0,0,0,0,0,0,0,,0,0,0,0,0,0,2,0,Matches
418,Aaron Ramsdale,eng ENG,GK,Southampton,26-345,1998,25.0,0,0,0,0,0,0,2,0.0,2,0,0,0,2,2,8,2,Matches
419,Jacob Ramsey,eng ENG,"FW,MF",Aston Villa,23-331,2001,16.5,29,15,14,9,6,10,20,50.0,10,21,3,18,7,36,8,1,Matches
420,Marcus Rashford,eng ENG,"FW,MF",Manchester Utd,27-175,1997,10.9,7,4,2,2,3,3,9,33.3,6,8,0,8,4,11,7,0,Matches
421,Marcus Rashford,eng ENG,FW,Aston Villa,27-175,1997,4.9,10,7,2,3,5,4,6,66.7,2,2,0,2,1,11,3,0,Matches
422,David Raya,es ESP,GK,Arsenal,29-221,1995,34.0,0,0,0,0,0,0,2,0.0,2,0,0,0,2,2,18,5,Matches
423,Harrison Reed,eng ENG,MF,Fulham,30-087,1995,1.0,6,3,3,2,1,1,3,33.3,2,1,0,1,1,7,3,0,Matches
424,Remy Rees-Dottin,eng ENG,FW,Bournemouth,19-049,2006,0.0,0,0,0,0,0,0,0,,0,0,0,0,0,0,0,0,Matches
425,Sergio Reguilón,es ESP,DF,Tottenham,28-129,1996,1.4,4,3,1,3,0,2,3,66.7,1,4,0,4,2,6,3,0,Matches
Rk,Player,Nation,Pos,Squad,Age,Born,90s,Tkl,TklW,Def 3rd,Mid 3rd,Att 3rd,Tkl,Att,Tkl%,Lost,Blocks,Sh,Pass,Int,Tkl+Int,Clr,Err,Matches
426,Bobby Reid,jm JAM,FW,Leicester City,32-081,1993,7.8,9,4,3,6,0,4,14,28.6,10,6,1,5,0,9,9,0,Matches
427,Vitor Reis,br BRA,DF,Manchester City,19-102,2006,0.0,0,0,0,0,0,0,0,,0,0,0,0,0,0,1,0,Matches
428,Chadi Riad,ma MAR,DF,Crystal Palace,21-311,2003,1.0,5,2,2,2,1,2,3,66.7,1,0,0,0,2,7,0,0,Matches
429,Declan Rice,eng ENG,MF,Arsenal,26-100,1999,28.6,49,22,20,23,6,16,37,43.2,21,23,11,12,24,73,45,0,Matches
430,Chris Richards,us USA,DF,Crystal Palace,25-027,2000,17.4,42,27,20,17,5,23,38,60.5,15,35,13,22,10,52,96,0,Matches
431,Richarlison,br BRA,FW,Tottenham,27-349,1997,4.3,4,3,0,3,1,0,1,0.0,1,1,1,0,0,4,8,0,Matches
432,Andrew Robertson,sct SCO,DF,Liverpool,31-044,1994,24.6,38,22,24,10,4,30,47,63.8,17,9,4,5,20,58,50,2,Matches
433,Antonee Robinson,us USA,DF,Fulham,27-259,1997,32.2,84,56,51,27,6,43,86,50.0,43,36,6,30,56,140,119,2,Matches
434,Jay Robinson,eng ENG,MF,Southampton,18-040,2007,0.0,1,0,1,0,0,0,0,,0,0,0,0,0,1,0,0,Matches
435,Rodri,es ESP,MF,Manchester City,28-306,1996,0.7,2,1,1,1,0,0,0,,0,1,0,1,1,3,0,0,Matches
436,Guido Rodríguez,ar ARG,MF,West Ham,31-012,1994,11.3,30,16,19,11,0,14,30,46.7,16,21,9,12,12,42,28,1,Matches
437,Mads Roerslev,dk DEN,DF,Brentford,25-304,1999,12.2,18,8,14,3,1,11,28,39.3,17,12,5,7,4,22,35,0,Matches
438,Morgan Rogers,eng ENG,"FW,MF",Aston Villa,22-272,2002,30.7,35,18,13,13,9,18,38,47.4,20,24,7,17,5,40,19,2,Matches
439,Cristian Romero,ar ARG,DF,Tottenham,26-362,1998,15.7,35,29,26,8,1,21,30,70.0,9,18,3,15,21,56,57,2,Matches
440,Georginio Rutter,fr FRA,"MF,FW",Brighton,23-004,2002,18.4,39,15,13,18,8,14,36,38.9,22,20,3,17,10,49,13,2,Matches
441,José Sá,pt POR,GK,Wolves,32-097,1993,25.0,2,2,2,0,0,2,2,100.0,0,0,0,0,0,2,14,1,Matches
442,Bukayo Saka,eng ENG,"FW,MF",Arsenal,23-231,2001,16.2,23,13,6,10,7,10,20,50.0,10,18,0,18,2,25,7,0,Matches
443,Mohamed Salah,eg EGY,FW,Liverpool,32-313,1992,32.5,20,11,7,5,8,7,14,50.0,7,11,0,11,7,27,5,0,Matches
444,William Saliba,fr FRA,DF,Arsenal,24-031,2001,31.3,58,34,33,23,2,20,26,76.9,6,23,14,9,21,79,107,6,Matches
445,Robert Sánchez,es ESP,GK,Chelsea,27-157,1997,27.0,0,0,0,0,0,0,1,0.0,1,0,0,0,2,2,20,9,Matches
446,Jadon Sancho,eng ENG,FW,Chelsea,25-030,2000,18.4,10,6,3,2,5,5,12,41.7,7,9,0,9,2,12,6,2,Matches
447,Ibrahim Sangaré,ci CIV,MF,Nott'ham Forest,27-143,1997,3.1,18,10,5,12,1,4,10,40.0,6,5,0,5,2,20,4,0,Matches
448,Pablo Sarabia,es ESP,"MF,FW",Wolves,32-348,1992,7.5,14,7,4,8,2,9,13,69.2,4,7,0,7,4,18,7,1,Matches
449,Jeremy Sarmiento,ec ECU,MF,Brighton,22-312,2002,0.1,0,0,0,0,0,0,0,,0,0,0,0,0,0,0,0,Matches
450,Ismaila Sarr,sn SEN,"MF,FW",Crystal Palace,27-058,1998,26.6,21,10,9,9,3,7,23,30.4,16,22,7,15,8,29,34,0,Matches
Rk,Player,Nation,Pos,Squad,Age,Born,90s,Tkl,TklW,Def 3rd,Mid 3rd,Att 3rd,Tkl,Att,Tkl%,Lost,Blocks,Sh,Pass,Int,Tkl+Int,Clr,Err,Matches
451,Sávio,br BRA,"FW,MF",Manchester City,21-014,2004,19.3,22,16,5,10,7,9,18,50.0,9,13,2,11,6,28,9,1,Matches
452,Oliver Scarles,eng ENG,DF,West Ham,19-133,2005,6.6,17,11,13,3,1,13,21,61.9,8,14,2,12,10,27,24,0,Matches
453,Dane Scarlett,eng ENG,"FW,MF",Tottenham,21-031,2004,0.4,1,0,0,1,0,0,0,,0,0,0,0,0,1,1,0,Matches
454,Kevin Schade,de GER,FW,Brentford,23-148,2001,21.5,34,23,14,9,11,12,20,60.0,8,14,2,12,5,39,30,0,Matches
455,Fabian Schär,ch SUI,DF,Newcastle Utd,33-125,1991,27.7,30,19,14,14,2,12,31,38.7,19,35,23,12,40,70,112,2,Matches
456,Jeffrey Schlupp,gh GHA,"MF,DF",Crystal Palace,32-122,1992,1.1,2,0,1,0,1,0,3,0.0,3,6,0,6,0,2,2,0,Matches
457,Alex Scott,eng ENG,MF,Bournemouth,21-246,2003,6.8,25,12,10,8,7,17,32,53.1,15,14,3,11,9,34,11,0,Matches
458,Matz Sels,be BEL,GK,Nott'ham Forest,33-057,1992,33.0,1,1,1,0,0,1,1,100.0,0,0,0,0,0,1,21,1,Matches
459,Nélson Semedo,pt POR,DF,Wolves,31-159,1993,27.6,55,31,30,18,7,28,49,57.1,21,27,10,17,22,77,98,3,Matches
460,Antoine Semenyo,gh GHA,FW,Bournemouth,25-107,2000,31.4,51,33,16,23,12,14,40,35.0,26,55,7,48,8,59,32,1,Matches
461,Marcos Senesi,ar ARG,DF,Bournemouth,27-349,1997,11.2,35,21,22,11,2,14,30,46.7,16,14,6,8,11,46,53,0,Matches
462,Ryan Sessegnon,eng ENG,"FW,DF",Fulham,24-341,2000,3.6,12,7,3,7,2,4,9,44.4,5,7,0,7,2,14,7,0,Matches
463,Luke Shaw,eng ENG,DF,Manchester Utd,29-286,1995,0.9,2,2,1,1,0,1,1,100.0,0,1,0,1,1,3,1,0,Matches
464,Zain Silcott-Duberry,ms MSR,FW,Bournemouth,19-289,2005,0.0,1,1,0,0,1,1,1,100.0,0,0,0,0,0,1,0,0,Matches
465,Bernardo Silva,pt POR,"MF,FW",Manchester City,30-257,1994,25.7,49,32,15,26,8,23,49,46.9,26,30,7,23,19,68,23,3,Matches
466,Jota Silva,pt POR,"FW,MF",Nott'ham Forest,25-266,1999,9.2,24,13,12,10,2,5,25,20.0,20,9,1,8,12,36,16,0,Matches
467,Eric da Silva Moreira,de GER,"MF,DF",Nott'ham Forest,18-356,2006,0.3,2,2,2,0,0,2,6,33.3,4,0,0,0,1,3,0,0,Matches
468,Jahmai Simpson-Pusey,eng ENG,DF,Manchester City,19-171,2005,1.1,1,0,1,0,0,0,1,0.0,1,1,1,0,0,1,2,0,Matches
469,Luis Sinisterra,co COL,"FW,MF",Bournemouth,25-311,1999,2.6,7,2,3,2,2,0,4,0.0,4,3,0,3,1,8,8,0,Matches
470,Oliver Skipp,eng ENG,MF,Leicester City,24-220,2000,9.6,14,4,4,9,1,6,11,54.5,5,15,3,12,8,22,10,1,Matches
471,William Smallbone,ie IRL,MF,Southampton,25-062,2000,6.8,17,10,8,7,2,6,18,33.3,12,7,0,7,2,19,12,2,Matches
472,Adam Smith,eng ENG,DF,Bournemouth,33-360,1991,14.7,20,10,10,5,5,11,23,47.8,12,10,3,7,14,34,45,1,Matches
473,Emile Smith Rowe,eng ENG,MF,Fulham,24-270,2000,20.3,30,17,7,13,10,8,24,33.3,16,20,2,18,10,40,14,0,Matches
474,Dominic Solanke,eng ENG,FW,Tottenham,27-222,1997,22.8,18,11,1,12,5,4,12,33.3,8,17,7,10,0,18,22,0,Matches
475,Carlos Soler,es ESP,"MF,FW",West Ham,28-112,1997,15.0,13,10,7,5,1,6,22,27.3,16,19,6,13,8,21,21,2,Matches
Rk,Player,Nation,Pos,Squad,Age,Born,90s,Tkl,TklW,Def 3rd,Mid 3rd,Att 3rd,Tkl,Att,Tkl%,Lost,Blocks,Sh,Pass,Int,Tkl+Int,Clr,Err,Matches
476,Julio Soler,ar ARG,FW,Bournemouth,20-067,2005,0.0,1,1,1,0,0,1,1,100.0,0,1,0,1,0,1,0,0,Matches
477,Ramón Sosa,py PAR,"FW,MF",Nott'ham Forest,25-236,1999,2.9,5,3,3,0,2,1,4,25.0,3,7,0,7,3,8,4,0,Matches
478,Tomáš Souček,cz CZE,MF,West Ham,30-056,1995,24.0,36,18,15,18,3,17,34,50.0,17,33,16,17,15,51,73,1,Matches
479,Boubakary Soumaré,fr FRA,MF,Leicester City,26-056,1999,21.2,32,17,21,10,1,18,30,60.0,12,15,6,9,24,56,30,3,Matches
480,Djed Spence,eng ENG,DF,Tottenham,24-258,2000,15.8,38,29,21,11,6,19,25,76.0,6,22,9,13,17,55,52,1,Matches
481,Jay Stansfield,eng ENG,MF,Fulham,22-151,2002,0.0,0,0,0,0,0,0,0,,0,0,0,0,0,0,0,0,Matches
482,Jason Steele,eng ENG,GK,Brighton,34-249,1990,2.0,0,0,0,0,0,0,0,,0,0,0,0,0,0,1,0,Matches
483,Jack Stephens,eng ENG,DF,Southampton,31-087,1994,11.9,30,18,22,8,0,14,24,58.3,10,11,8,3,11,41,40,2,Matches
484,Raheem Sterling,eng ENG,"FW,MF",Arsenal,30-137,1994,4.8,8,4,1,2,5,4,8,50.0,4,3,0,3,1,9,3,0,Matches
485,Ross Stewart,sct SCO,"FW,MF",Southampton,28-287,1996,2.0,1,0,1,0,0,0,4,0.0,4,3,0,3,0,1,4,0,Matches
486,Jakub Stolarczyk,pl POL,GK,Leicester City,24-126,2000,6.0,2,1,2,0,0,1,2,50.0,1,0,0,0,0,2,5,0,Matches
487,John Stones,eng ENG,"DF,MF",Manchester City,30-331,1994,6.1,6,2,3,2,1,5,5,100.0,0,5,3,2,4,10,19,1,Matches
488,Jørgen Strand Larsen,no NOR,FW,Wolves,25-077,2000,26.5,9,6,2,3,4,4,26,15.4,22,17,4,13,5,14,26,0,Matches
489,Yukinari Sugawara,jp JPN,"DF,MF",Southampton,24-300,2000,16.3,29,16,14,14,1,18,30,60.0,12,17,7,10,10,39,46,3,Matches
490,Kamaldeen Sulemana,gh GHA,"FW,MF",Southampton,23-068,2002,11.6,15,13,6,4,5,7,12,58.3,5,9,0,9,5,20,8,0,Matches
491,Crysencio Summerville,nl NED,"FW,MF",West Ham,23-176,2001,8.7,13,7,2,8,3,3,9,33.3,6,13,4,9,0,13,7,0,Matches
492,Sammie Szmodics,ie IRL,"FW,MF",Ipswich Town,29-212,1995,10.9,15,9,4,9,2,6,23,26.1,17,10,2,8,6,21,14,0,Matches
493,Dominik Szoboszlai,hu HUN,MF,Liverpool,24-181,2000,24.3,30,20,9,16,5,15,37,40.5,22,34,4,30,9,39,17,2,Matches
494,Matt Targett,eng ENG,DF,Newcastle Utd,29-218,1995,0.2,0,0,0,0,0,0,1,0.0,1,0,0,0,1,1,1,0,Matches
495,James Tarkowski,eng ENG,DF,Everton,32-156,1992,32.5,64,40,39,22,3,24,39,61.5,15,57,42,15,41,105,213,4,Matches
496,Marcus Tavernier,eng ENG,"FW,MF",Bournemouth,26-033,1999,17.3,38,23,12,17,9,9,25,36.0,16,14,2,12,4,42,11,0,Matches
497,Charlie Taylor,eng ENG,DF,Southampton,31-218,1993,3.0,7,5,4,3,0,5,6,83.3,1,5,3,2,3,10,22,1,Matches
498,Jack Taylor,ie IRL,MF,Ipswich Town,26-305,1998,6.7,15,7,4,9,2,9,17,52.9,8,7,2,5,6,21,18,0,Matches
499,Mathys Tel,fr FRA,FW,Tottenham,19-362,2005,5.5,4,1,0,2,2,1,6,16.7,5,3,0,3,0,4,1,1,Matches
500,Kenny Tete,nl NED,DF,Fulham,29-197,1995,15.0,44,29,22,12,10,17,28,60.7,11,20,6,14,28,72,46,0,Matches
Rk,Player,Nation,Pos,Squad,Age,Born,90s,Tkl,TklW,Def 3rd,Mid 3rd,Att 3rd,Tkl,Att,Tkl%,Lost,Blocks,Sh,Pass,Int,Tkl+Int,Clr,Err,Matches
501,Thiago,br BRA,FW,Brentford,23-302,2001,1.5,2,2,1,0,1,0,1,0.0,1,0,0,0,2,4,2,1,Matches
502,Luke Thomas,eng ENG,DF,Leicester City,23-318,2001,7.7,22,18,18,3,1,18,27,66.7,9,11,5,6,11,33,34,1,Matches
503,Youri Tielemans,be BEL,MF,Aston Villa,27-352,1997,32.4,82,56,30,44,8,39,72,54.2,33,36,15,21,21,103,45,3,Matches
504,Kieran Tierney,sct SCO,"DF,FW",Arsenal,27-323,1997,2.0,5,4,3,1,1,3,5,60.0,2,0,0,0,2,7,5,0,Matches
505,Jurriën Timber,nl NED,DF,Arsenal,23-311,2001,26.9,58,38,17,30,11,18,27,66.7,9,19,4,15,22,80,44,1,Matches
506,Jean-Clair Todibo,fr FRA,DF,West Ham,25-115,1999,15.5,36,22,24,12,0,23,29,79.3,6,21,11,10,20,56,65,3,Matches
507,Harry Toffolo,eng ENG,DF,Nott'ham Forest,29-248,1995,1.5,5,3,3,1,1,3,4,75.0,1,2,2,0,2,7,12,0,Matches
508,Takehiro Tomiyasu,jp JPN,DF,Arsenal,26-170,1998,0.1,0,0,0,0,0,0,0,,0,0,0,0,0,0,1,0,Matches
509,Sandro Tonali,it ITA,MF,Newcastle Utd,24-351,2000,24.2,45,29,18,22,5,20,41,48.8,21,29,10,19,29,74,31,2,Matches
510,Pau Torres,es ESP,DF,Aston Villa,28-098,1997,19.2,20,14,11,7,2,9,15,60.0,6,14,10,4,9,29,60,2,Matches
511,Conor Townsend,eng ENG,DF,Ipswich Town,32-051,1993,3.7,11,8,9,2,0,8,11,72.7,3,8,6,2,4,15,16,0,Matches
512,Adama Traoré,es ESP,"FW,MF",Fulham,29-089,1996,16.9,17,12,8,4,5,5,13,38.5,8,6,0,6,1,18,5,3,Matches
513,Boubacar Traoré,ml MLI,MF,Wolves,23-247,2001,0.0,2,0,0,2,0,1,1,100.0,0,0,0,0,0,2,0,0,Matches
514,Mark Travers,ie IRL,GK,Bournemouth,25-341,1999,5.0,0,0,0,0,0,0,0,,0,0,0,0,0,0,5,0,Matches
515,Ryan Trevitt,eng ENG,MF,Brentford,22-043,2003,0.0,1,1,1,0,0,0,0,,0,0,0,0,0,1,0,0,Matches
516,Kieran Trippier,eng ENG,DF,Newcastle Utd,34-217,1990,12.2,32,19,14,12,6,19,32,59.4,13,8,3,5,11,43,39,0,Matches
517,Leandro Trossard,be BEL,FW,Arsenal,30-141,1994,25.2,25,16,5,14,6,9,31,29.0,22,28,0,28,9,34,17,0,Matches
518,Kostas Tsimikas,gr GRE,DF,Liverpool,28-347,1996,7.4,27,17,13,11,3,13,19,68.4,6,5,2,3,10,37,16,0,Matches
519,Axel Tuanzebe,cd COD,DF,Ipswich Town,27-161,1997,16.1,29,17,20,3,6,16,24,66.7,8,18,9,9,21,50,53,1,Matches
520,Destiny Udogie,it ITA,DF,Tottenham,22-147,2002,19.4,71,44,38,26,7,32,45,71.1,13,37,5,32,19,90,34,1,Matches
521,Manuel Ugarte Ribeiro,uy URU,MF,Manchester Utd,24-013,2001,17.7,70,43,31,31,8,25,58,43.1,33,27,3,24,25,95,16,1,Matches
522,Lesley Ugochukwu,fr FRA,MF,Southampton,21-029,2004,15.1,46,22,14,28,4,17,32,53.1,15,25,9,16,12,58,15,1,Matches
523,Enes Ünal,tr TUR,"FW,MF",Bournemouth,27-349,1997,3.8,1,0,0,0,1,0,3,0.0,3,1,0,1,0,1,6,0,Matches
524,Virgil van Dijk,nl NED,DF,Liverpool,33-290,1991,33.0,34,16,16,16,2,11,20,55.0,9,22,12,10,52,86,168,4,Matches
525,Jamie Vardy,eng ENG,FW,Leicester City,38-103,1987,27.6,18,13,6,7,5,4,11,36.4,7,8,4,4,3,21,21,0,Matches
Rk,Player,Nation,Pos,Squad,Age,Born,90s,Tkl,TklW,Def 3rd,Mid 3rd,Att 3rd,Tkl,Att,Tkl%,Lost,Blocks,Sh,Pass,Int,Tkl+Int,Clr,Err,Matches
526,Renato Veiga,pt POR,"DF,MF",Chelsea,21-269,2003,2.0,9,6,6,3,0,4,12,33.3,8,3,1,2,1,10,2,0,Matches
527,Joël Veltman,nl NED,DF,Brighton,33-099,1992,18.3,42,28,23,16,3,30,51,58.8,21,22,7,15,18,60,66,0,Matches
528,Micky van de Ven,nl NED,DF,Tottenham,24-005,2001,10.6,10,6,5,4,1,8,14,57.1,6,9,6,3,10,20,36,1,Matches
529,Bart Verbruggen,nl NED,GK,Brighton,22-249,2002,31.0,0,0,0,0,0,0,3,0.0,3,1,0,1,0,0,25,5,Matches
530,Jannik Vestergaard,dk DEN,DF,Leicester City,32-264,1992,15.5,22,10,16,6,0,9,15,60.0,6,21,14,7,16,38,74,1,Matches
531,Guglielmo Vicario,it ITA,GK,Tottenham,28-199,1996,21.0,0,0,0,0,0,0,0,,0,0,0,0,1,1,13,4,Matches
532,Carlos Vinícius,br BRA,"FW,MF",Fulham,30-030,1995,0.1,0,0,0,0,0,0,1,0.0,1,0,0,0,0,0,0,0,Matches
533,Kyle Walker,eng ENG,DF,Manchester City,34-331,1990,10.8,17,10,7,7,3,14,26,53.8,12,13,4,9,3,20,13,1,Matches
534,Kyle Walker-Peters,eng ENG,DF,Southampton,28-011,1997,30.4,43,28,22,14,7,16,33,48.5,17,25,14,11,17,60,81,1,Matches
535,Christian Walton,eng ENG,GK,Ipswich Town,29-166,1995,6.0,0,0,0,0,0,0,1,0.0,1,0,0,0,0,0,1,1,Matches
536,Aaron Wan-Bissaka,eng ENG,DF,West Ham,27-149,1997,30.0,61,43,29,27,5,19,26,73.1,7,31,9,22,57,118,113,0,Matches
537,Danny Ward,wls WAL,GK,Leicester City,31-306,1993,1.5,0,0,0,0,0,0,0,,0,0,0,0,0,0,1,0,Matches
538,Joel Ward,eng ENG,DF,Crystal Palace,35-177,1989,0.0,0,0,0,0,0,0,0,,0,0,0,0,0,0,0,0,Matches
539,James Ward-Prowse,eng ENG,MF,West Ham,30-174,1994,8.4,12,9,7,2,3,3,12,25.0,9,6,3,3,5,17,13,0,Matches
540,James Ward-Prowse,eng ENG,MF,Nott'ham Forest,30-174,1994,4.4,4,1,1,3,0,2,2,100.0,0,3,2,1,5,9,8,0,Matches
541,Ollie Watkins,eng ENG,FW,Aston Villa,29-115,1995,25.1,9,6,0,5,4,3,11,27.3,8,11,3,8,7,16,14,2,Matches
542,Adam Webster,eng ENG,DF,Brighton,30-110,1995,6.9,8,5,4,3,1,5,11,45.5,6,12,9,3,14,22,28,1,Matches
543,Danny Welbeck,eng ENG,FW,Brighton,34-149,1990,19.6,22,13,6,12,4,6,17,35.3,11,15,1,14,5,27,11,0,Matches
544,Welington,br BRA,"DF,MF",Southampton,24-064,2001,2.4,13,5,9,3,1,7,12,58.3,5,3,1,2,3,16,12,0,Matches
545,Timo Werner,de GER,"FW,MF",Tottenham,29-049,1996,5.7,6,4,3,3,0,3,13,23.1,10,10,1,9,1,7,7,0,Matches
546,Adam Wharton,eng ENG,MF,Crystal Palace,20-326,2004,14.0,34,14,14,16,4,17,43,39.5,26,10,2,8,18,52,25,0,Matches
547,Ben White,eng ENG,DF,Arsenal,27-198,1997,9.5,12,8,9,1,2,10,24,41.7,14,9,7,2,12,24,29,0,Matches
548,Mats Wieffer,nl NED,"MF,DF",Brighton,25-159,1999,6.7,29,16,9,16,4,14,23,60.9,9,11,1,10,10,39,16,2,Matches
549,Neco Williams,wls WAL,DF,Nott'ham Forest,24-011,2001,23.8,73,44,54,14,5,43,68,63.2,25,37,8,29,24,97,113,2,Matches
550,Willian,br BRA,"MF,FW",Fulham,36-258,1988,1.8,2,1,0,1,1,1,4,25.0,3,0,0,0,1,3,1,0,Matches
Rk,Player,Nation,Pos,Squad,Age,Born,90s,Tkl,TklW,Def 3rd,Mid 3rd,Att 3rd,Tkl,Att,Tkl%,Lost,Blocks,Sh,Pass,Int,Tkl+Int,Clr,Err,Matches
551,Joe Willock,eng ENG,"MF,FW",Newcastle Utd,25-247,1999,9.9,24,14,14,7,3,18,27,66.7,9,21,4,17,5,29,7,0,Matches
552,Callum Wilson,eng ENG,FW,Newcastle Utd,33-056,1992,2.8,2,2,0,1,1,0,2,0.0,2,2,0,2,1,3,1,0,Matches
553,Harry Wilson,wls WAL,"FW,MF",Fulham,28-033,1997,9.5,11,7,7,3,1,7,12,58.3,5,13,1,12,5,16,5,1,Matches
554,Harry Winks,eng ENG,MF,Leicester City,29-081,1996,17.1,24,11,12,10,2,13,30,43.3,17,19,7,12,9,33,20,0,Matches
555,Ben Winterburn,eng ENG,"FW,MF",Bournemouth,20-232,2004,0.3,0,0,0,0,0,0,1,0.0,1,0,0,0,2,2,0,0,Matches
556,Yoane Wissa,cd COD,FW,Brentford,28-233,1996,27.4,18,8,6,5,7,9,23,39.1,14,25,5,20,8,26,20,3,Matches
557,Chris Wood,nz NZL,FW,Nott'ham Forest,33-138,1991,27.9,4,4,1,1,2,1,8,12.5,7,11,7,4,5,9,22,1,Matches
558,Nathan Wood-Gordon,eng ENG,DF,Southampton,22-328,2002,6.9,10,7,6,3,1,5,8,62.5,3,8,5,3,4,14,26,2,Matches
559,Luke Woolfenden,eng ENG,DF,Ipswich Town,26-185,1998,11.2,9,6,5,4,0,2,5,40.0,3,17,11,6,18,27,60,0,Matches
560,Yehor Yarmoliuk,ua UKR,MF,Brentford,21-054,2004,11.5,34,22,12,16,6,21,43,48.8,22,23,6,17,9,43,27,0,Matches
561,Ryan Yates,eng ENG,MF,Nott'ham Forest,27-154,1997,19.7,40,21,23,13,4,17,36,47.2,19,34,8,26,25,65,59,1,Matches
562,Leny Yoro,fr FRA,DF,Manchester Utd,19-162,2005,10.9,23,10,14,8,1,9,15,60.0,6,5,3,2,17,40,37,0,Matches
563,Ashley Young,eng ENG,"DF,FW",Everton,39-289,1985,17.6,50,28,22,21,7,31,49,63.3,18,10,3,7,22,72,58,1,Matches
564,Illia Zabarnyi,ua UKR,DF,Bournemouth,22-235,2002,29.6,46,32,26,19,1,30,43,69.8,13,32,19,13,34,80,151,2,Matches
565,Oleksandr Zinchenko,ua UKR,"DF,MF",Arsenal,28-130,1996,5.0,4,1,1,2,1,2,7,28.6,5,5,0,5,4,8,6,0,Matches
566,Joshua Zirkzee,nl NED,"FW,MF",Manchester Utd,23-337,2001,15.6,14,8,3,8,3,5,10,50.0,5,15,4,11,6,20,8,1,Matches
567,Martin Ødegaard,no NOR,MF,Arsenal,26-128,1998,22.7,19,11,9,7,3,4,24,16.7,20,4,0,4,4,23,4,1,Matches
