Rk,Player,Nation,Pos,Squad,Age,Born,90s,Touches,Def Pen,Def 3rd,Mid 3rd,Att 3rd,Att Pen,Live,Att,Succ,Succ%,Tkld,Tkld%,Carries,TotDist,PrgDist,PrgC,1/3,CPA,Mis,Dis,Rec,PrgR,Matches
1,Max Aarons,eng ENG,DF,Bournemouth,25-110,2000,1.0,73,2,19,40,15,0,73,2,0,0.0,1,50.0,41,152,68,1,0,0,1,0,40,3,Matches
2,Joshua Acheampong,eng ENG,DF,Chelsea,18-354,2006,1.9,137,7,48,81,8,3,137,2,1,50.0,0,0.0,106,709,409,0,2,0,2,0,111,0,Matches
3,Tyler Adams,us USA,MF,Bournemouth,26-069,1999,17.0,1041,46,270,601,182,15,1041,16,3,18.8,9,56.3,491,2318,1059,12,17,1,25,9,555,7,Matches
4,Tosin Adarabioyo,eng ENG,DF,Chelsea,27-212,1997,13.7,1198,160,570,603,26,13,1198,5,4,80.0,0,0.0,713,2950,1690,5,2,0,3,0,916,1,Matches
5,Simon Adingra,ci CIV,"FW,MF",Brighton,23-113,2002,9.2,427,6,57,131,244,56,427,44,18,40.9,26,59.1,282,1823,843,30,17,14,31,9,298,105,Matches
6,Emmanuel Agbadou,ci CIV,DF,Wolves,27-311,1997,10.7,734,118,400,321,19,3,734,10,7,70.0,2,20.0,441,2120,931,2,3,0,3,3,467,0,Matches
7,Asher Agbinone,eng ENG,MF,Crystal Palace,19-208,2005,0.1,8,0,0,2,6,0,8,2,0,0.0,1,50.0,5,53,23,2,0,0,0,1,5,1,Matches
8,Ola Aina,ng NGA,DF,Nott'ham Forest,28-198,1996,28.5,1462,138,539,610,338,21,1462,64,29,45.3,24,37.5,629,4026,2328,54,35,10,39,21,691,52,Matches
9,Rayan Aït-Nouri,dz ALG,DF,Wolves,23-322,2001,30.0,1813,85,500,772,564,75,1813,104,50,48.1,40,38.5,943,5151,2642,70,53,22,39,39,1095,150,Matches
10,Kristoffer Ajer,no NOR,DF,Brentford,27-007,1998,15.4,762,51,255,355,158,35,762,16,7,43.8,8,50.0,373,2035,1164,27,11,2,15,12,475,42,Matches
11,Manuel Akanji,ch SUI,DF,Manchester City,29-279,1995,19.0,1598,108,472,776,352,11,1598,2,2,100.0,0,0.0,1044,5506,3286,38,52,0,4,5,1264,6,Matches
12,Nathan Aké,nl NED,DF,Manchester City,30-065,1995,7.5,596,51,205,331,61,5,596,1,1,100.0,0,0.0,403,2244,1501,12,12,1,4,3,449,2,Matches
13,Carlos Alcaraz,ar ARG,MF,Southampton,22-145,2002,0.1,17,0,1,8,9,2,17,2,0,0.0,2,100.0,12,112,98,4,1,0,0,0,12,1,Matches
14,Carlos Alcaraz,ar ARG,"FW,MF",Everton,22-145,2002,5.0,238,10,42,98,104,13,238,11,7,63.6,3,27.3,128,792,433,11,14,1,10,8,151,9,Matches
15,Trent Alexander-Arnold,eng ENG,DF,Liverpool,26-199,1998,24.1,2059,82,549,913,611,40,2059,29,13,44.8,14,48.3,1083,5031,2686,48,35,8,19,15,1307,87,Matches
16,Alisson,br BRA,GK,Liverpool,32-204,1992,22.9,758,551,743,15,0,0,758,1,1,100.0,0,0.0,484,1928,1136,0,0,0,1,0,454,0,Matches
17,Miguel Almirón,py PAR,FW,Newcastle Utd,31-073,1994,1.7,81,1,10,35,36,9,81,2,1,50.0,1,50.0,54,284,93,3,3,2,0,2,59,18,Matches
18,Edson Álvarez,mx MEX,MF,West Ham,27-182,1997,18.1,1101,61,323,612,174,12,1101,31,14,45.2,12,38.7,603,3371,1528,21,20,2,25,13,734,18,Matches
19,Will Alves,eng ENG,FW,Leicester City,20-080,2005,0.0,1,0,0,0,1,0,1,0,0,,0,,1,5,5,0,0,0,0,0,1,1,Matches
20,Harry Amass,eng ENG,DF,Manchester Utd,18-039,2007,1.8,121,7,39,37,46,2,121,3,2,66.7,1,33.3,61,307,178,5,4,1,6,4,64,12,Matches
21,Samuel Amo-Ameyaw,eng ENG,"FW,DF",Southampton,18-280,2006,0.3,16,0,5,5,7,1,16,4,0,0.0,3,75.0,11,98,68,1,0,1,0,2,11,3,Matches
22,Mathis Amougou,fr FRA,MF,Chelsea,19-096,2006,0.1,9,1,2,4,3,0,9,0,0,,0,,7,25,5,0,1,0,0,1,6,0,Matches
23,Joachim Andersen,dk DEN,DF,Crystal Palace,28-328,1996,1.0,93,14,38,50,5,0,93,0,0,,0,,49,189,103,1,1,0,0,1,67,1,Matches
24,Joachim Andersen,dk DEN,DF,Fulham,28-328,1996,23.7,1916,279,1006,848,72,15,1916,6,4,66.7,0,0.0,1119,5198,2596,13,9,1,4,3,1327,1,Matches
25,Elliot Anderson,eng ENG,MF,Nott'ham Forest,22-169,2002,25.7,1480,88,354,694,460,55,1480,68,34,50.0,26,38.2,740,4068,1868,37,27,15,52,36,869,78,Matches
Rk,Player,Nation,Pos,Squad,Age,Born,90s,Touches,Def Pen,Def 3rd,Mid 3rd,Att 3rd,Att Pen,Live,Att,Succ,Succ%,Tkld,Tkld%,Carries,TotDist,PrgDist,PrgC,1/3,CPA,Mis,Dis,Rec,PrgR,Matches
26,André,br BRA,MF,Wolves,23-282,2001,23.2,1339,80,363,867,123,3,1339,26,13,50.0,9,34.6,742,3108,1360,8,14,0,25,14,896,11,Matches
27,Michail Antonio,jm JAM,FW,West Ham,35-027,1990,9.3,296,3,26,124,151,36,296,27,9,33.3,13,48.1,173,1177,695,29,13,9,35,19,221,59,Matches
28,Antony,br BRA,"DF,MF",Manchester Utd,25-059,2000,1.6,101,2,22,26,54,8,101,11,4,36.4,6,54.5,60,317,182,5,6,1,5,1,69,7,Matches
29,Julian Araujo,mx MEX,DF,Bournemouth,23-254,2001,4.0,216,15,71,105,45,2,216,0,0,,0,,96,377,195,3,1,0,4,2,114,18,Matches
30,Cameron Archer,eng ENG,FW,Southampton,23-277,2001,14.8,350,15,56,157,140,48,349,30,14,46.7,15,50.0,203,1057,499,19,9,14,32,24,245,62,Matches
31,Alphonse Areola,fr FRA,GK,West Ham,32-056,1993,21.1,883,707,875,9,0,0,883,0,0,,0,,494,2043,1103,0,0,0,0,0,451,0,Matches
32,Joe Aribo,ng NGA,"MF,DF",Southampton,28-277,1996,21.2,1203,46,288,632,294,44,1203,46,18,39.1,22,47.8,708,3880,1923,35,28,12,25,16,879,64,Matches
33,Adam Armstrong,eng ENG,"FW,MF",Southampton,28-073,1997,13.9,377,11,44,143,192,49,376,14,6,42.9,8,57.1,235,1324,599,25,13,6,11,18,286,79,Matches
34,Harrison Armstrong,eng ENG,MF,Everton,18-095,2007,0.5,20,0,3,12,7,2,20,1,1,100.0,0,0.0,15,110,43,1,2,0,2,3,14,0,Matches
35,Kepa Arrizabalaga,es ESP,GK,Bournemouth,30-203,1994,26.0,912,670,886,25,1,1,912,1,1,100.0,0,0.0,521,2599,1477,0,0,0,0,0,406,0,Matches
36,Marco Asensio,es ESP,"MF,FW",Aston Villa,29-093,1996,5.3,267,4,25,108,139,22,265,13,7,53.8,5,38.5,165,910,464,15,18,3,5,7,183,23,Matches
37,Brandon Austin,eng ENG,GK,Tottenham,26-106,1999,1.0,36,30,36,0,0,0,36,0,0,,0,,22,104,46,0,0,0,0,0,16,0,Matches
38,Taiwo Awoniyi,ng NGA,FW,Nott'ham Forest,27-255,1997,4.2,159,5,15,72,73,21,159,8,3,37.5,5,62.5,88,388,183,6,5,2,17,19,110,19,Matches
39,Yasin Ayari,se SWE,MF,Brighton,21-200,2003,18.3,1040,49,235,524,297,42,1040,40,17,42.5,14,35.0,539,2758,1268,27,23,6,32,21,665,56,Matches
40,Jordan Ayew,gh GHA,"FW,MF",Crystal Palace,33-225,1991,0.2,12,0,0,7,5,1,12,0,0,,0,,6,25,12,0,0,0,0,1,9,1,Matches
41,Jordan Ayew,gh GHA,"FW,MF",Leicester City,33-225,1991,14.6,649,18,89,331,251,46,648,52,19,36.5,27,51.9,389,2649,1195,38,30,7,51,31,434,68,Matches
42,Benoît Badiashile,fr FRA,DF,Chelsea,24-029,2001,3.7,336,31,138,186,13,0,336,1,0,0.0,1,100.0,177,660,340,3,5,0,1,0,247,2,Matches
43,Leon Bailey,jm JAM,"FW,MF",Aston Villa,27-258,1997,12.6,539,18,76,155,318,69,539,57,22,38.6,24,42.1,344,2540,1334,57,22,33,35,25,386,121,Matches
44,Carlos Baleba,cm CMR,MF,Brighton,21-111,2004,24.7,1423,67,330,846,285,10,1423,51,30,58.8,18,35.3,805,4734,2449,39,39,2,34,33,864,26,Matches
45,Ross Barkley,eng ENG,MF,Aston Villa,31-140,1993,6.3,438,16,69,260,115,18,438,10,8,80.0,2,20.0,259,1400,643,14,13,2,6,8,308,9,Matches
46,Harvey Barnes,eng ENG,FW,Newcastle Utd,27-136,1997,14.9,619,15,82,211,331,91,619,53,20,37.7,26,49.1,430,3240,1852,68,37,38,22,17,489,143,Matches
47,Calvin Bassey,ng NGA,DF,Fulham,25-114,1999,30.2,2154,293,1069,999,108,16,2154,28,13,46.4,9,32.1,1382,6763,3839,25,15,4,30,8,1491,12,Matches
48,Altay Bayındır,tr TUR,GK,Manchester Utd,27-010,1998,1.0,66,58,64,2,0,0,66,0,0,,0,,45,163,59,0,0,0,0,0,43,0,Matches
49,Jan Bednarek,pl POL,DF,Southampton,29-012,1996,25.1,1917,345,1001,883,40,15,1917,3,3,100.0,0,0.0,976,3508,1615,4,5,1,9,3,1229,1,Matches
50,Armel Bella Kotchap,de GER,DF,Southampton,23-134,2001,3.7,263,33,147,115,3,1,263,1,0,0.0,1,100.0,186,936,326,0,0,0,1,0,192,0,Matches
Rk,Player,Nation,Pos,Squad,Age,Born,90s,Touches,Def Pen,Def 3rd,Mid 3rd,Att 3rd,Att Pen,Live,Att,Succ,Succ%,Tkld,Tkld%,Carries,TotDist,PrgDist,PrgC,1/3,CPA,Mis,Dis,Rec,PrgR,Matches
51,Jean-Ricner Bellegarde,fr FRA,"MF,FW",Wolves,26-301,1998,16.4,718,23,126,325,283,41,718,58,13,22.4,31,53.4,442,2764,1345,46,34,10,36,23,496,80,Matches
52,Rodrigo Bentancur,uy URU,MF,Tottenham,27-303,1997,16.9,1252,70,299,747,215,24,1252,18,8,44.4,8,44.4,739,3433,1446,26,23,5,18,19,826,34,Matches
53,Daniel Bentley,eng ENG,GK,Wolves,31-285,1993,1.0,35,30,35,0,0,0,35,0,0,,0,,18,102,32,0,0,0,0,0,14,0,Matches
54,Sander Berge,no NOR,MF,Fulham,27-069,1998,21.9,1225,75,342,709,180,13,1225,20,11,55.0,6,30.0,712,3819,1722,25,20,2,11,15,781,8,Matches
55,Lucas Bergvall,se SWE,MF,Tottenham,19-081,2006,12.5,845,34,176,456,226,20,845,44,21,47.7,19,43.2,510,3279,1580,31,21,4,19,18,562,29,Matches
56,Victor Bernth Kristiansen,dk DEN,DF,Leicester City,22-129,2002,26.4,1581,113,564,711,319,15,1581,17,8,47.1,8,47.1,800,3839,1806,39,25,5,13,12,872,75,Matches
57,Beto,gw GNB,FW,Everton,27-083,1998,12.5,385,20,39,172,179,64,385,30,16,53.3,13,43.3,202,1006,382,12,8,9,50,29,276,58,Matches
58,Philip Billing,dk DEN,MF,Bournemouth,28-317,1996,2.0,148,5,20,72,57,12,148,3,1,33.3,0,0.0,58,254,163,3,1,1,7,4,75,13,Matches
59,Yves Bissouma,ml MLI,MF,Tottenham,28-237,1996,13.4,938,58,261,535,148,5,938,21,7,33.3,14,66.7,564,3369,1513,15,17,0,22,13,657,3,Matches
60,Oscar Bobb,no NOR,FW,Manchester City,21-286,2003,0.2,11,0,1,3,7,0,11,2,2,100.0,0,0.0,9,57,32,1,0,0,0,0,11,1,Matches
61,Lamare Bogarde,nl NED,"DF,MF",Aston Villa,21-109,2004,5.3,325,16,95,191,40,4,325,4,2,50.0,1,25.0,173,1031,599,12,6,1,6,8,212,9,Matches
62,Willy Boly,ci CIV,DF,Nott'ham Forest,34-080,1991,1.7,97,22,63,32,2,1,97,0,0,,0,,35,128,45,0,0,0,1,0,46,0,Matches
63,Sven Botman,nl NED,DF,Newcastle Utd,25-102,2000,2.5,156,24,63,89,5,5,156,3,1,33.3,1,33.3,82,350,171,0,0,0,1,0,101,0,Matches
64,Jarrod Bowen,eng ENG,"FW,MF",West Ham,28-125,1996,28.2,1064,24,121,388,578,145,1063,113,40,35.4,64,56.6,629,4561,2176,93,41,51,66,66,694,176,Matches
65,Conor Bradley,nir NIR,DF,Liverpool,21-289,2003,5.9,511,17,142,238,140,33,511,16,6,37.5,9,56.3,282,1730,1012,26,17,7,8,2,322,27,Matches
66,Jarrad Branthwaite,eng ENG,DF,Everton,22-301,2002,24.1,1263,181,667,547,56,22,1263,5,3,60.0,1,20.0,601,3322,1996,9,13,2,8,3,725,1,Matches
67,James Bree,eng ENG,DF,Southampton,27-195,1997,9.9,598,42,194,261,148,10,598,8,4,50.0,2,25.0,316,1372,688,9,11,0,6,4,385,34,Matches
68,Ben Brereton,cl CHI,FW,Southampton,26-006,1999,5.0,206,4,19,76,112,20,206,4,1,25.0,2,50.0,136,791,394,12,13,4,9,4,171,42,Matches
69,Nathan Broadhead,wls WAL,"MF,FW",Ipswich Town,27-019,1998,6.7,276,7,38,139,109,19,276,32,16,50.0,14,43.8,152,1079,502,17,14,4,18,11,191,27,Matches
70,Armando Broja,al ALB,FW,Everton,23-226,2001,3.7,127,4,14,47,72,18,127,16,8,50.0,7,43.8,64,577,281,12,8,3,16,13,94,26,Matches
71,David Brooks,wls WAL,"FW,MF",Bournemouth,27-290,1997,9.1,446,12,53,163,238,32,446,30,8,26.7,19,63.3,275,1838,802,25,21,8,27,10,303,75,Matches
72,Emi Buendía,ar ARG,"MF,FW",Aston Villa,28-120,1996,1.1,82,0,17,35,31,3,82,2,0,0.0,2,100.0,53,185,119,3,5,0,4,3,64,6,Matches
73,Santiago Bueno,uy URU,DF,Wolves,26-166,1998,18.6,1001,166,506,477,21,6,1001,4,0,0.0,4,100.0,545,2719,1427,1,2,0,2,2,647,1,Matches
74,Facundo Buonanotte,ar ARG,"FW,MF",Leicester City,20-122,2004,15.9,826,25,120,424,295,34,826,75,25,33.3,46,61.3,452,2851,1289,38,26,8,52,38,503,66,Matches
75,Cameron Burgess,au AUS,DF,Ipswich Town,29-185,1995,14.1,814,186,484,287,44,21,814,0,0,,0,,384,1778,922,2,4,0,2,0,479,4,Matches
Rk,Player,Nation,Pos,Squad,Age,Born,90s,Touches,Def Pen,Def 3rd,Mid 3rd,Att 3rd,Att Pen,Live,Att,Succ,Succ%,Tkld,Tkld%,Carries,TotDist,PrgDist,PrgC,1/3,CPA,Mis,Dis,Rec,PrgR,Matches
76,Dan Burn,eng ENG,DF,Newcastle Utd,32-350,1992,32.0,2037,326,1158,788,96,44,2037,4,3,75.0,1,25.0,1164,5331,2312,9,4,1,21,3,1372,9,Matches
77,Wes Burns,wls WAL,"FW,DF",Ipswich Town,30-152,1994,10.3,350,21,69,129,160,18,350,24,9,37.5,14,58.3,216,1458,696,38,13,10,17,13,220,65,Matches
78,Nathan Butler-Oyedeji,eng ENG,FW,Arsenal,22-110,2003,0.1,1,0,0,0,1,1,1,0,0,,0,,0,0,0,0,0,0,0,0,0,0,Matches
79,Moisés Caicedo,ec ECU,MF,Chelsea,23-173,2001,32.2,2263,80,483,1395,409,12,2263,51,20,39.2,19,37.3,1267,5955,2818,37,26,2,34,23,1595,32,Matches
80,Tom Cairney,sct SCO,MF,Fulham,34-094,1991,5.4,565,6,79,302,192,11,565,12,4,33.3,4,33.3,377,1808,859,13,15,3,4,4,460,29,Matches
81,Jens Cajuste,se SWE,MF,Ipswich Town,25-257,1999,19.7,904,59,261,475,182,11,904,45,24,53.3,15,33.3,420,2272,1175,23,21,3,21,14,521,16,Matches
82,Riccardo Calafiori,it ITA,DF,Arsenal,22-340,2002,10.3,628,30,161,249,222,29,628,13,9,69.2,3,23.1,291,1572,839,21,12,3,11,5,377,29,Matches
83,Dominic Calvert-Lewin,eng ENG,FW,Everton,28-039,1997,17.5,491,21,38,204,254,82,491,25,10,40.0,13,52.0,268,1398,444,22,8,16,71,32,402,105,Matches
84,Diego Carlos,br BRA,DF,Aston Villa,32-040,1993,9.2,674,86,331,330,15,6,674,2,2,100.0,0,0.0,419,2133,1162,3,3,0,1,2,481,0,Matches
85,Fabio Carvalho,pt POR,"FW,MF",Brentford,22-237,2002,5.1,247,4,44,91,113,22,247,14,2,14.3,10,71.4,137,698,356,9,3,0,13,8,145,23,Matches
86,Casemiro,br BRA,MF,Manchester Utd,33-060,1992,14.1,1039,67,309,523,215,37,1039,6,3,50.0,3,50.0,546,1680,775,4,10,0,10,10,663,26,Matches
87,Kaelan Casey,eng ENG,DF,West Ham,20-178,2004,0.0,1,1,1,0,0,0,1,0,0,,0,,0,0,0,0,0,0,0,0,0,0,Matches
88,Matty Cash,pl POL,DF,Aston Villa,27-260,1997,19.0,963,70,350,382,242,37,963,32,15,46.9,14,43.8,479,3058,1576,44,33,4,17,6,547,70,Matches
89,Eiran Cashin,ie IRL,DF,Brighton,23-166,2001,0.2,32,2,10,20,2,0,32,1,0,0.0,1,100.0,21,133,99,0,0,0,0,0,25,1,Matches
90,Timothy Castagne,be BEL,DF,Fulham,29-140,1995,18.1,1149,91,444,458,253,32,1149,12,5,41.7,5,41.7,542,2172,1043,17,15,2,15,5,657,67,Matches
91,Trevoh Chalobah,eng ENG,DF,Crystal Palace,25-293,1999,11.8,594,66,275,276,51,14,594,10,6,60.0,2,20.0,278,1213,661,11,9,1,4,7,317,6,Matches
92,Trevoh Chalobah,eng ENG,DF,Chelsea,25-293,1999,7.3,589,49,251,291,52,10,589,3,1,33.3,0,0.0,325,1305,567,3,2,0,3,2,439,2,Matches
93,Conor Chaplin,eng ENG,"MF,FW",Ipswich Town,28-067,1997,6.9,287,6,47,145,100,12,287,6,3,50.0,3,50.0,138,697,380,10,7,0,9,3,195,20,Matches
94,Youssef Chermiti,pt POR,"FW,MF",Everton,20-335,2004,0.2,8,0,0,2,6,2,8,1,1,100.0,0,0.0,4,11,1,0,0,0,0,0,6,4,Matches
95,Federico Chiesa,it ITA,FW,Liverpool,27-181,1997,0.4,32,0,5,12,15,4,32,1,0,0.0,1,100.0,22,80,35,2,0,1,1,3,24,6,Matches
96,Ben Chilwell,eng ENG,DF,Crystal Palace,28-124,1996,1.5,98,6,35,43,25,1,98,5,2,40.0,2,40.0,39,203,146,2,1,0,2,2,42,10,Matches
97,Chiquinho,pt POR,MF,Wolves,25-078,2000,0.1,3,0,0,1,2,1,3,0,0,,0,,1,13,5,0,0,0,0,0,2,0,Matches
98,Hamza Choudhury,bd BAN,"MF,DF",Leicester City,27-205,1997,1.5,100,4,19,61,20,3,100,4,3,75.0,1,25.0,63,246,130,4,2,2,1,0,71,6,Matches
99,Ryan Christie,sct SCO,MF,Bournemouth,30-061,1995,23.5,1376,74,256,773,372,46,1376,48,23,47.9,22,45.8,726,3802,1773,34,40,8,44,25,777,44,Matches
100,Harry Clarke,eng ENG,DF,Ipswich Town,24-053,2001,4.2,268,18,100,122,47,2,268,2,1,50.0,1,50.0,118,555,222,5,7,0,4,2,163,2,Matches
Rk,Player,Nation,Pos,Squad,Age,Born,90s,Touches,Def Pen,Def 3rd,Mid 3rd,Att 3rd,Att Pen,Live,Att,Succ,Succ%,Tkld,Tkld%,Carries,TotDist,PrgDist,PrgC,1/3,CPA,Mis,Dis,Rec,PrgR,Matches
101,Jack Clarke,eng ENG,"FW,MF",Ipswich Town,24-152,2000,11.0,457,20,110,186,175,29,457,37,21,56.8,12,32.4,261,1842,947,29,18,9,19,15,282,47,Matches
102,Nathaniel Clyne,eng ENG,"DF,MF",Crystal Palace,34-019,1991,5.4,273,18,111,125,37,3,273,1,0,0.0,1,100.0,158,651,314,6,2,3,5,2,178,8,Matches
103,Conor Coady,eng ENG,DF,Leicester City,32-058,1993,14.0,893,176,490,388,16,5,893,2,1,50.0,1,50.0,593,2497,1288,2,2,1,4,2,652,0,Matches
104,Séamus Coleman,ie IRL,DF,Everton,36-195,1988,2.2,100,11,39,43,19,2,100,5,4,80.0,1,20.0,43,225,109,1,1,0,1,1,51,2,Matches
105,Nathan Collins,ie IRL,DF,Brentford,23-359,2001,33.0,2139,341,1124,867,158,63,2139,12,6,50.0,5,41.7,1125,6085,3556,25,9,0,15,8,1303,18,Matches
106,Toby Collyer,eng ENG,MF,Manchester Utd,21-111,2004,2.0,129,9,46,59,25,3,129,2,1,50.0,1,50.0,68,239,56,0,0,0,11,1,71,2,Matches
107,Levi Colwill,eng ENG,DF,Chelsea,22-057,2003,30.0,2591,318,1201,1275,125,33,2591,8,5,62.5,3,37.5,1483,6732,3727,13,11,1,13,8,1902,11,Matches
108,Lewis Cook,eng ENG,"MF,DF",Bournemouth,28-080,1997,30.1,1768,80,412,928,447,19,1768,17,10,58.8,7,41.2,777,3887,2099,33,28,4,29,16,886,48,Matches
109,Maxwel Cornet,ci CIV,FW,Southampton,28-209,1996,0.8,34,1,8,14,13,2,34,1,0,0.0,1,100.0,16,73,26,1,0,1,3,0,23,5,Matches
110,Vladimír Coufal,cz CZE,DF,West Ham,32-245,1992,9.6,574,55,221,242,114,9,574,7,2,28.6,2,28.6,229,1217,623,14,5,1,10,6,313,24,Matches
111,Woyo Coulibaly,fr FRA,DF,Leicester City,25-339,1999,1.2,76,8,27,31,20,4,76,1,0,0.0,1,100.0,48,288,169,4,2,1,4,0,36,2,Matches
112,Aaron Cresswell,eng ENG,DF,West Ham,35-130,1989,6.5,495,33,196,236,68,1,495,1,1,100.0,0,0.0,200,773,388,4,7,0,3,0,312,2,Matches
113,Marc Cucurella,es ESP,DF,Chelsea,26-276,1998,28.2,1918,97,577,877,472,69,1918,13,4,30.8,7,53.8,830,3447,2009,30,17,2,25,6,1198,106,Matches
114,Jorge Cuenca,es ESP,DF,Fulham,25-158,1999,2.9,152,23,88,59,6,1,152,2,2,100.0,0,0.0,65,235,116,0,1,0,1,0,92,0,Matches
115,Matheus Cunha,br BRA,"MF,FW",Wolves,25-332,1999,25.0,1337,22,165,616,603,109,1336,123,55,44.7,54,43.9,762,5736,2835,95,79,33,70,45,891,141,Matches
116,Patson Daka,zm ZAM,"FW,MF",Leicester City,26-197,1998,7.2,234,8,38,108,92,27,234,15,2,13.3,10,66.7,132,651,280,9,6,4,18,10,156,33,Matches
117,Diogo Dalot,pt POR,DF,Manchester Utd,26-037,1999,31.0,1965,113,658,767,557,66,1965,53,27,50.9,22,41.5,1111,4912,2684,62,37,16,37,21,1186,164,Matches
118,Mikkel Damsgaard,dk DEN,"MF,FW",Brentford,24-295,2000,27.7,1619,33,293,734,614,70,1619,89,46,51.7,32,36.0,924,5077,2615,62,42,9,53,42,1075,115,Matches
119,Danilo,br BRA,"MF,FW",Nott'ham Forest,23-360,2001,3.0,140,8,50,78,13,0,140,6,3,50.0,3,50.0,49,217,61,2,0,0,6,0,83,1,Matches
120,Jayden Danns,eng ENG,MF,Liverpool,19-098,2006,0.1,2,0,0,0,2,0,2,0,0,,0,,1,2,1,0,0,0,0,1,1,0,Matches
121,Kevin Danso,at AUT,DF,Tottenham,26-217,1998,4.4,395,45,204,170,23,7,395,2,1,50.0,1,50.0,282,1462,800,10,4,0,7,1,297,1,Matches
122,Ben Davies,wls WAL,DF,Tottenham,32-000,1993,10.5,901,148,458,400,43,12,901,1,1,100.0,0,0.0,528,2704,1576,13,9,0,4,0,618,6,Matches
123,Leif Davis,eng ENG,DF,Ipswich Town,25-102,2000,28.5,1459,115,517,484,477,36,1459,37,13,35.1,17,45.9,659,3571,1940,48,27,10,36,14,770,117,Matches
124,Craig Dawson,eng ENG,DF,Wolves,34-353,1990,10.8,671,130,396,249,28,14,671,5,1,20.0,2,40.0,390,1819,938,6,1,0,2,0,443,5,Matches
125,Kevin De Bruyne,be BEL,"MF,FW",Manchester City,33-300,1991,16.2,1153,10,70,391,702,66,1153,30,12,40.0,14,46.7,677,3478,1825,47,43,18,24,25,862,132,Matches
Rk,Player,Nation,Pos,Squad,Age,Born,90s,Touches,Def Pen,Def 3rd,Mid 3rd,Att 3rd,Att Pen,Live,Att,Succ,Succ%,Tkld,Tkld%,Carries,TotDist,PrgDist,PrgC,1/3,CPA,Mis,Dis,Rec,PrgR,Matches
126,Liam Delap,eng ENG,FW,Ipswich Town,22-075,2003,26.2,621,28,72,258,309,85,619,78,37,47.4,33,42.3,408,3068,1439,58,42,28,92,55,490,101,Matches
127,Sepp van den Berg,nl NED,DF,Brentford,23-125,2001,23.7,1329,236,673,502,157,40,1329,7,4,57.1,3,42.9,583,2899,1446,8,9,0,14,6,742,27,Matches
128,Justin Devenny,nir NIR,MF,Crystal Palace,21-195,2003,4.8,229,7,42,112,80,7,229,4,2,50.0,2,50.0,107,564,269,4,5,1,15,2,138,12,Matches
129,Kiernan Dewsbury-Hall,eng ENG,"MF,FW",Chelsea,26-230,1998,2.9,180,4,28,94,58,6,180,4,2,50.0,2,50.0,93,474,221,5,1,0,1,3,136,11,Matches
130,Amad Diallo,ci CIV,"FW,MF",Manchester Utd,22-287,2002,17.7,1012,13,150,374,504,109,1012,72,36,50.0,32,44.4,656,4482,2294,92,46,52,35,32,714,159,Matches
131,Rúben Dias,pt POR,DF,Manchester City,27-345,1997,21.2,2133,188,711,1175,251,22,2133,3,2,66.7,1,33.3,1524,8574,5097,34,53,1,6,1,1738,6,Matches
132,Luis Díaz,co COL,FW,Liverpool,28-101,1997,23.9,1088,15,75,377,655,154,1088,110,51,46.4,48,43.6,718,5309,2777,102,51,55,51,42,860,265,Matches
133,Tyler Dibling,eng ENG,"FW,MF",Southampton,19-043,2006,18.7,796,24,103,363,349,40,796,102,44,43.1,37,36.3,514,4141,2085,67,47,26,41,52,599,90,Matches
134,Lucas Digne,fr FRA,DF,Aston Villa,31-278,1993,24.9,1473,90,510,449,524,28,1473,19,9,47.4,9,47.4,669,2941,1319,23,14,4,17,15,804,140,Matches
135,Issa Diop,fr FRA,DF,Fulham,28-105,1997,14.9,903,125,498,381,26,13,903,2,1,50.0,1,50.0,533,2426,1216,6,2,0,9,2,617,3,Matches
136,Axel Disasi,fr FRA,DF,Aston Villa,27-044,1998,5.4,334,32,130,178,29,6,334,15,9,60.0,6,40.0,207,1268,621,10,8,2,3,2,223,5,Matches
137,Axel Disasi,fr FRA,DF,Chelsea,27-044,1998,4.0,323,17,110,175,40,2,323,1,1,100.0,0,0.0,196,953,519,6,3,0,1,3,242,2,Matches
138,Roman Dixon,eng ENG,DF,Everton,20-119,2004,1.0,36,8,19,14,4,0,36,3,0,0.0,3,100.0,16,107,48,0,0,0,2,0,13,1,Matches
139,Nasser Djiga,bf BFA,"DF,FW",Wolves,22-160,2002,0.2,16,2,8,8,0,0,16,0,0,,0,,7,25,0,0,0,0,1,2,7,1,Matches
140,Matt Doherty,ie IRL,DF,Wolves,33-098,1992,20.2,1312,110,507,647,175,25,1312,20,11,55.0,6,30.0,693,3213,1953,29,19,4,11,5,822,39,Matches
141,Jeremy Doku,be BEL,"FW,MF",Manchester City,22-332,2002,14.5,878,4,42,205,654,122,878,175,98,56.0,49,28.0,678,6412,4066,176,83,80,51,50,729,235,Matches
142,Nicolás Domínguez,ar ARG,"MF,FW",Nott'ham Forest,26-300,1998,18.0,1020,68,260,533,236,24,1020,8,3,37.5,3,37.5,378,1529,750,12,10,2,18,9,554,24,Matches
143,Patrick Dorgu,dk DEN,DF,Manchester Utd,20-180,2004,5.5,351,11,99,118,136,20,351,5,2,40.0,2,40.0,199,1099,719,21,10,3,8,7,224,44,Matches
144,Alfie Dorrington,eng ENG,DF,Tottenham,20-004,2005,0.2,16,0,11,5,0,0,16,0,0,,0,,12,61,26,0,0,0,0,0,13,0,Matches
145,Abdoulaye Doucouré,ml MLI,MF,Everton,32-113,1993,25.9,1055,31,213,481,376,56,1055,41,23,56.1,18,43.9,559,2768,1301,38,22,8,32,34,680,88,Matches
146,Cheick Doucouré,ml MLI,MF,Crystal Palace,25-106,2000,5.0,263,11,56,165,45,4,263,5,2,40.0,2,40.0,133,581,280,2,7,1,4,7,160,7,Matches
147,Flynn Downes,eng ENG,MF,Southampton,26-094,1999,18.9,1094,74,326,583,194,20,1094,14,5,35.7,7,50.0,524,2861,1519,23,20,4,12,17,781,28,Matches
148,Tommy Doyle,eng ENG,MF,Wolves,23-189,2001,5.4,463,22,128,258,80,4,463,9,5,55.6,1,11.1,260,1417,578,6,3,0,9,4,303,4,Matches
149,Radu Drăgușin,ro ROU,DF,Tottenham,23-080,2002,13.9,961,148,510,430,30,12,961,2,0,0.0,0,0.0,623,3349,1666,7,3,0,8,2,669,2,Matches
150,Martin Dúbravka,sk SVK,GK,Newcastle Utd,36-099,1989,10.0,350,262,337,14,0,0,350,0,0,,0,,202,1043,643,0,0,0,0,0,175,0,Matches
Rk,Player,Nation,Pos,Squad,Age,Born,90s,Touches,Def Pen,Def 3rd,Mid 3rd,Att 3rd,Att Pen,Live,Att,Succ,Succ%,Tkld,Tkld%,Carries,TotDist,PrgDist,PrgC,1/3,CPA,Mis,Dis,Rec,PrgR,Matches
151,Lewis Dunk,eng ENG,DF,Brighton,33-154,1991,21.1,1981,238,935,951,105,18,1981,1,0,0.0,1,100.0,1250,5796,3161,20,18,0,6,3,1455,3,Matches
152,Jáder Durán,co COL,FW,Aston Villa,21-132,2003,7.1,263,13,36,110,122,47,263,14,3,21.4,9,64.3,133,535,267,7,7,2,16,15,192,44,Matches
153,Ederson,br BRA,GK,Manchester City,31-250,1993,21.8,833,587,824,9,0,0,833,0,0,,0,,563,2612,1671,0,0,0,1,0,529,0,Matches
154,George Edmundson,eng ENG,DF,Ipswich Town,27-236,1997,0.0,3,1,3,0,0,0,3,0,0,,0,,1,2,0,0,0,0,0,0,1,0,Matches
155,Odsonne Édouard,fr FRA,"MF,FW",Crystal Palace,27-098,1998,1.3,45,1,4,23,18,8,45,1,0,0.0,1,100.0,23,107,50,2,1,2,4,1,26,7,Matches
156,Odsonne Édouard,fr FRA,FW,Leicester City,27-098,1998,0.3,20,1,2,7,11,6,20,2,1,50.0,1,50.0,11,25,2,0,0,1,7,2,13,2,Matches
157,Samuel Edozie,eng ENG,"DF,FW",Southampton,22-086,2003,0.7,43,0,0,7,36,10,43,4,2,50.0,2,50.0,34,336,197,6,2,4,4,0,39,23,Matches
158,Ronnie Edwards,eng ENG,DF,Southampton,22-027,2003,0.1,6,3,4,2,0,0,6,0,0,,0,,3,10,0,0,0,0,0,0,5,0,Matches
159,Anthony Elanga,se SWE,FW,Nott'ham Forest,22-362,2002,22.8,900,29,124,259,533,86,900,73,22,30.1,34,46.6,468,3650,2071,79,41,36,65,35,592,164,Matches
160,Harvey Elliott,eng ENG,"MF,FW",Liverpool,22-020,2003,2.0,202,2,19,85,99,13,202,5,2,40.0,3,60.0,120,534,256,7,7,5,2,4,153,23,Matches
161,Yunus Emre Konak,tr TUR,"FW,MF",Brentford,19-104,2006,0.4,46,0,7,22,17,0,46,2,0,0.0,2,100.0,15,61,40,1,1,1,3,3,24,1,Matches
162,Julio Enciso,py PAR,"MF,FW",Ipswich Town,21-091,2004,6.1,269,3,35,139,105,12,269,36,20,55.6,14,38.9,135,893,507,12,14,4,14,23,181,28,Matches
163,Julio Enciso,py PAR,"MF,FW",Brighton,21-091,2004,3.3,202,2,17,72,116,20,202,21,10,47.6,8,38.1,114,678,386,11,10,4,7,9,141,17,Matches
164,Wataru Endo,jp JPN,MF,Liverpool,32-074,1993,1.7,114,4,25,72,18,2,114,1,1,100.0,0,0.0,48,174,47,0,0,1,5,2,72,1,Matches
165,Christian Eriksen,dk DEN,MF,Manchester Utd,33-069,1992,11.0,771,24,160,375,240,12,771,3,0,0.0,3,100.0,421,1509,662,10,10,0,11,5,511,28,Matches
166,Romain Esse,eng ENG,MF,Crystal Palace,19-346,2005,0.4,24,0,5,5,14,6,24,2,0,0.0,2,100.0,14,41,4,0,0,0,1,0,16,6,Matches
167,Pervis Estupiñán,ec ECU,DF,Brighton,27-093,1998,22.7,1620,67,408,809,420,28,1620,28,14,50.0,13,46.4,853,4155,2216,53,46,8,28,24,977,101,Matches
168,Evanilson,br BRA,FW,Bournemouth,25-200,1999,21.1,462,22,47,172,246,112,461,19,6,31.6,7,36.8,267,1443,695,25,14,14,30,21,322,86,Matches
169,Jake Evans,,FW,Leicester City,,,0.0,0,0,0,0,0,0,0,0,0,,0,,0,0,0,0,0,0,0,0,0,0,Matches
170,Jonny Evans,nir NIR,DF,Manchester Utd,37-111,1988,3.2,223,30,125,91,11,2,223,1,1,100.0,0,0.0,128,498,183,1,0,0,1,0,137,2,Matches
171,Eberechi Eze,eng ENG,"MF,FW",Crystal Palace,26-299,1998,26.0,1289,15,172,611,537,86,1288,125,61,48.8,57,45.6,771,4674,2196,66,43,21,52,44,840,141,Matches
172,Łukasz Fabiański,pl POL,GK,West Ham,40-006,1985,11.9,488,382,483,5,0,0,488,2,2,100.0,0,0.0,258,1371,845,0,0,0,0,0,227,0,Matches
173,Wout Faes,be BEL,DF,Leicester City,27-021,1998,26.3,1579,256,774,747,66,26,1579,5,4,80.0,1,20.0,906,4230,2500,12,12,2,16,6,1031,1,Matches
174,Abdul Fatawu Issahaku,gh GHA,FW,Leicester City,21-047,2004,6.4,326,19,73,114,157,26,326,69,29,42.0,28,40.6,217,1869,1055,42,24,15,18,12,216,60,Matches
175,João Félix,pt POR,"FW,MF",Chelsea,25-165,1999,4.1,272,2,26,128,125,30,272,31,10,32.3,14,45.2,193,1248,712,21,13,5,6,4,218,30,Matches
Rk,Player,Nation,Pos,Squad,Age,Born,90s,Touches,Def Pen,Def 3rd,Mid 3rd,Att 3rd,Att Pen,Live,Att,Succ,Succ%,Tkld,Tkld%,Carries,TotDist,PrgDist,PrgC,1/3,CPA,Mis,Dis,Rec,PrgR,Matches
176,Evan Ferguson,ie IRL,FW,West Ham,20-187,2004,1.6,62,1,6,27,29,10,62,5,3,60.0,2,40.0,31,123,41,1,1,1,8,5,40,6,Matches
177,Evan Ferguson,ie IRL,FW,Brighton,20-187,2004,2.7,88,7,13,50,26,9,88,2,1,50.0,1,50.0,42,183,56,2,1,2,5,6,52,9,Matches
178,Bruno Fernandes,pt POR,MF,Manchester Utd,30-228,1994,29.6,2297,59,385,1086,848,70,2294,64,27,42.2,31,48.4,1331,6249,3256,62,58,11,35,37,1605,114,Matches
179,Mateus Fernandes,pt POR,MF,Southampton,20-288,2004,27.8,1529,53,319,750,496,44,1529,94,43,45.7,43,45.7,796,5190,2859,71,64,8,47,30,953,97,Matches
180,Enzo Fernández,ar ARG,MF,Chelsea,24-097,2001,27.8,1963,32,300,997,679,73,1963,43,21,48.8,15,34.9,1074,5024,2489,56,52,8,26,26,1442,107,Matches
181,Mark Flekken,nl NED,GK,Brentford,31-315,1993,31.4,1616,1261,1569,52,0,0,1616,1,1,100.0,0,0.0,987,4966,2803,0,0,0,3,0,905,0,Matches
182,Phil Foden,eng ENG,"MF,FW",Manchester City,24-331,2000,18.7,1074,13,81,374,628,79,1074,39,13,33.3,21,53.8,676,3472,1674,47,30,15,35,30,840,119,Matches
183,Wesley Fofana,fr FRA,DF,Chelsea,24-128,2000,13.0,933,81,370,523,55,10,933,15,8,53.3,3,20.0,557,3149,1614,19,12,1,16,5,665,4,Matches
184,Carlos Forbs,pt POR,"MF,FW",Wolves,21-036,2004,2.6,117,3,20,38,60,13,117,12,7,58.3,5,41.7,72,435,297,9,3,8,7,4,82,28,Matches
185,Fraser Forster,eng ENG,GK,Tottenham,37-038,1988,7.0,228,212,228,0,0,0,228,1,1,100.0,0,0.0,113,501,264,0,0,0,1,0,94,0,Matches
186,Matheus França,br BRA,"FW,MF",Crystal Palace,21-023,2004,0.3,15,0,0,5,10,4,15,0,0,,0,,9,43,25,1,1,1,1,0,10,2,Matches
187,Ryan Fraser,sct SCO,"FW,DF",Southampton,31-059,1994,3.4,131,12,45,50,37,3,131,3,2,66.7,1,33.3,74,492,252,10,5,2,4,2,94,18,Matches
188,Tyler Fredricson,eng ENG,DF,Manchester Utd,20-060,2005,1.0,76,6,27,42,7,1,76,1,1,100.0,0,0.0,40,161,82,2,1,0,0,0,54,0,Matches
189,Niclas Füllkrug,de GER,FW,West Ham,32-074,1993,6.0,174,13,16,86,73,32,174,4,1,25.0,3,75.0,68,268,141,5,3,2,11,4,122,21,Matches
190,Cody Gakpo,nl NED,FW,Liverpool,25-352,1999,17.3,728,20,67,208,467,83,728,47,27,57.4,15,31.9,489,3402,1711,45,27,18,37,18,551,237,Matches
191,Idrissa Gana Gueye,sn SEN,MF,Everton,35-210,1989,29.1,1522,66,371,859,300,19,1522,35,17,48.6,16,45.7,707,3256,1417,23,24,4,27,33,866,21,Matches
192,Andrés García,es ESP,"DF,MF",Aston Villa,22-076,2003,3.5,256,8,38,108,112,2,256,18,5,27.8,12,66.7,159,1262,673,26,13,2,10,6,168,28,Matches
193,Alejandro Garnacho,ar ARG,"MF,FW",Manchester Utd,20-297,2004,21.8,1033,13,118,329,603,152,1033,82,24,29.3,51,62.2,748,5713,2922,130,66,63,57,46,793,260,Matches
194,James Garner,eng ENG,"MF,DF",Everton,24-042,2001,12.7,665,29,169,316,186,9,665,14,6,42.9,8,57.1,301,1309,462,9,12,1,10,7,341,22,Matches
195,Tyrique George,eng ENG,FW,Chelsea,19-079,2006,1.1,55,1,10,13,33,8,55,4,3,75.0,1,25.0,38,348,208,9,1,5,1,0,43,17,Matches
196,Morgan Gibbs-White,eng ENG,MF,Nott'ham Forest,25-087,2000,26.4,1382,32,166,695,543,83,1382,73,29,39.7,34,46.6,778,4492,2303,63,46,12,66,37,1037,115,Matches
197,Billy Gilmour,sct SCO,MF,Brighton,23-317,2001,1.1,73,2,14,46,13,0,73,2,1,50.0,1,50.0,44,210,117,2,0,0,0,0,58,2,Matches
198,Ben Godfrey,eng ENG,DF,Ipswich Town,27-099,1998,1.2,63,3,22,32,9,1,63,0,0,,0,,33,202,79,2,2,0,2,1,40,1,Matches
199,Martial Godo,eng ENG,FW,Fulham,22-041,2003,0.2,11,0,1,4,6,3,11,2,0,0.0,2,100.0,8,48,18,0,0,0,0,0,6,3,Matches
200,João Gomes,br BRA,MF,Wolves,24-071,2001,28.9,1715,55,369,940,429,38,1715,54,25,46.3,23,42.6,898,5216,2482,51,48,6,35,47,1139,63,Matches
Rk,Player,Nation,Pos,Squad,Age,Born,90s,Touches,Def Pen,Def 3rd,Mid 3rd,Att 3rd,Att Pen,Live,Att,Succ,Succ%,Tkld,Tkld%,Carries,TotDist,PrgDist,PrgC,1/3,CPA,Mis,Dis,Rec,PrgR,Matches
201,Rodrigo Gomes,pt POR,"DF,FW",Wolves,21-291,2003,7.0,329,22,79,113,143,25,329,12,3,25.0,6,50.0,167,1125,671,21,15,7,15,7,191,62,Matches
202,Toti Gomes,pt POR,DF,Wolves,26-098,1999,24.0,1617,196,765,781,90,15,1617,25,17,68.0,6,24.0,937,4591,2503,21,17,0,16,12,1084,12,Matches
203,Diego Gómez,py PAR,MF,Brighton,22-028,2003,4.8,334,18,77,182,79,5,334,12,6,50.0,6,50.0,157,571,253,5,3,0,6,9,200,13,Matches
204,Joe Gomez,eng ENG,DF,Liverpool,27-336,1997,5.8,481,54,183,264,37,5,481,0,0,,0,,303,1638,947,5,2,1,1,2,335,2,Matches
205,Nicolás González,es ESP,MF,Manchester City,23-111,2002,7.2,635,13,98,397,143,7,635,6,1,16.7,3,50.0,386,1606,615,5,9,1,7,10,484,10,Matches
206,Anthony Gordon,eng ENG,FW,Newcastle Utd,24-059,2001,24.2,1142,16,114,434,613,123,1140,95,35,36.8,44,46.3,735,5467,2937,108,54,55,28,35,820,190,Matches
207,Ryan Gravenberch,nl NED,MF,Liverpool,22-343,2002,31.5,2119,103,429,1243,474,23,2119,70,33,47.1,26,37.1,1257,6561,3302,62,70,9,45,19,1515,54,Matches
208,Archie Gray,eng ENG,"DF,MF",Tottenham,19-043,2006,15.0,1117,133,542,507,78,2,1117,9,4,44.4,4,44.4,788,3612,1492,5,5,0,7,10,849,15,Matches
209,Jack Grealish,eng ENG,"FW,MF",Manchester City,29-226,1995,8.0,519,14,40,162,324,71,519,29,13,44.8,9,31.0,375,2879,1714,69,23,46,10,16,422,118,Matches
210,Jacob Greaves,eng ENG,DF,Ipswich Town,24-224,2000,19.5,1099,234,601,440,62,15,1099,2,1,50.0,1,50.0,521,2220,925,6,9,0,7,2,690,5,Matches
211,Brajan Gruda,de GER,"FW,MF",Brighton,20-328,2004,5.5,252,4,32,88,134,30,252,21,8,38.1,9,42.9,148,1011,458,15,16,9,8,20,167,46,Matches
212,Albert Grønbaek,dk DEN,"FW,MF",Southampton,23-336,2001,1.6,38,2,9,14,15,2,38,4,0,0.0,4,100.0,18,79,15,1,0,1,5,4,21,3,Matches
213,Gonçalo Guedes,pt POR,"MF,FW",Wolves,28-146,1996,8.6,366,4,42,161,176,28,366,20,5,25.0,11,55.0,223,1693,878,31,19,5,33,14,247,58,Matches
214,Marc Guéhi,eng ENG,DF,Crystal Palace,24-285,2000,32.0,1992,292,986,880,137,31,1992,14,11,78.6,2,14.3,1061,5263,2801,22,17,1,17,16,1241,8,Matches
215,Luis Guilherme,br BRA,"MF,FW",West Ham,19-074,2006,1.5,85,3,19,30,37,4,85,9,5,55.6,2,22.2,42,324,136,3,3,1,4,3,55,13,Matches
216,Bruno Guimarães,br BRA,MF,Newcastle Utd,27-159,1997,31.4,1885,71,392,985,529,60,1885,68,31,45.6,21,30.9,1226,6708,2947,49,38,9,50,72,1412,75,Matches
217,Marc Guiu,es ESP,FW,Chelsea,19-110,2006,0.8,22,0,2,8,12,3,22,1,0,0.0,1,100.0,12,30,8,0,0,0,2,0,12,3,Matches
218,İlkay Gündoğan,de GER,MF,Manchester City,34-182,1990,21.9,1707,43,254,825,648,56,1707,35,16,45.7,13,37.1,1016,5677,2735,55,52,9,25,23,1330,81,Matches
219,Malo Gusto,fr FRA,DF,Chelsea,21-340,2003,20.2,1553,57,375,752,438,42,1553,15,4,26.7,10,66.7,861,4331,2170,48,35,8,16,17,1047,84,Matches
220,Joško Gvardiol,hr CRO,DF,Manchester City,23-091,2002,32.4,2808,141,703,1412,716,85,2808,40,23,57.5,14,35.0,1826,9690,5505,78,91,13,24,16,2062,96,Matches
221,Erling Haaland,no NOR,FW,Manchester City,24-277,2000,27.6,578,22,39,200,344,170,575,32,11,34.4,19,59.4,272,1310,478,19,14,19,39,25,427,103,Matches
222,Lewis Hall,eng ENG,DF,Newcastle Utd,20-228,2004,24.3,1820,95,623,804,414,47,1820,21,11,52.4,7,33.3,950,4398,2358,41,22,13,33,20,1094,80,Matches
223,Ali Al Hamadi,iq IRQ,FW,Ipswich Town,23-054,2002,1.5,53,2,6,20,30,9,53,7,4,57.1,3,42.9,29,187,111,4,3,4,7,4,36,14,Matches
224,Marcus Harness,eng ENG,MF,Ipswich Town,29-059,1996,0.5,22,4,7,2,13,3,22,1,0,0.0,1,100.0,9,49,14,0,0,0,0,0,9,1,Matches
225,Jack Harrison,eng ENG,FW,Everton,28-155,1996,20.3,836,30,141,290,412,62,836,71,22,31.0,41,57.7,458,2723,1382,60,29,14,47,36,538,114,Matches
Rk,Player,Nation,Pos,Squad,Age,Born,90s,Touches,Def Pen,Def 3rd,Mid 3rd,Att 3rd,Att Pen,Live,Att,Succ,Succ%,Tkld,Tkld%,Carries,TotDist,PrgDist,PrgC,1/3,CPA,Mis,Dis,Rec,PrgR,Matches
226,Taylor Harwood-Bellis,eng ENG,DF,Southampton,23-084,2002,27.5,2207,290,1021,1032,163,38,2207,3,3,100.0,0,0.0,1278,6008,3548,28,27,0,13,5,1607,8,Matches
227,Kai Havertz,de GER,"FW,MF",Arsenal,25-317,1999,20.4,768,31,88,282,403,103,768,38,9,23.7,24,63.2,411,1957,922,34,23,18,42,22,575,110,Matches
228,Ayden Heaven,eng ENG,DF,Manchester Utd,18-214,2006,1.1,67,21,42,23,3,1,67,2,2,100.0,0,0.0,42,245,122,1,1,0,2,1,40,1,Matches
229,Jan Paul van Hecke,nl NED,DF,Brighton,24-320,2000,28.9,2316,246,987,1196,153,30,2316,10,4,40.0,4,40.0,1536,9643,6643,53,41,0,12,7,1628,5,Matches
230,Hwang Hee-chan,kr KOR,"MF,FW",Wolves,29-088,1996,7.2,260,9,41,98,123,23,260,13,2,15.4,11,84.6,150,927,426,15,5,7,13,10,172,40,Matches
231,Dean Henderson,eng ENG,GK,Crystal Palace,28-043,1997,34.0,1173,954,1169,3,1,1,1173,0,0,,0,,674,4045,1919,0,0,0,2,0,509,0,Matches
232,Rico Henry,eng ENG,DF,Brentford,27-290,1997,0.2,20,2,8,9,3,0,20,2,0,0.0,1,50.0,8,48,8,0,0,0,2,1,6,1,Matches
233,Mads Hermansen,dk DEN,GK,Leicester City,24-287,2000,25.5,1106,800,1065,43,0,0,1106,1,1,100.0,0,0.0,706,3514,1850,0,0,0,1,0,597,0,Matches
234,Son Heung-min,kr KOR,FW,Tottenham,32-290,1992,22.3,1093,15,110,347,646,117,1091,82,29,35.4,40,48.8,732,4522,2334,87,45,40,25,29,837,259,Matches
235,James Hill,eng ENG,DF,Bournemouth,23-104,2002,5.0,319,19,99,167,54,8,319,2,1,50.0,1,50.0,146,552,295,3,6,0,2,0,179,8,Matches
236,Jack Hinshelwood,eng ENG,"DF,MF",Brighton,20-013,2005,17.7,1036,47,293,479,269,25,1036,9,1,11.1,7,77.8,494,2071,998,16,18,1,16,2,641,44,Matches
237,George Hirst,sct SCO,FW,Ipswich Town,26-068,1999,5.0,147,10,22,52,75,21,147,4,2,50.0,1,25.0,83,450,198,9,2,6,18,11,127,25,Matches
238,Mason Holgate,eng ENG,"FW,DF",Everton,28-184,1996,0.1,3,0,0,2,1,0,3,0,0,,0,,1,0,0,0,0,0,1,0,1,0,Matches
239,Callum Hudson-Odoi,eng ENG,"FW,MF",Nott'ham Forest,24-168,2000,23.4,988,14,107,316,590,72,988,62,36,58.1,18,29.0,617,5215,3301,126,61,45,44,23,751,186,Matches
240,Will Hughes,eng ENG,MF,Crystal Palace,30-007,1995,20.8,1070,41,253,551,278,14,1070,14,4,28.6,6,42.9,469,2417,1120,18,22,1,19,24,595,24,Matches
241,Dean Huijsen,es ESP,DF,Bournemouth,20-010,2005,22.8,1672,217,764,799,118,29,1672,5,2,40.0,3,60.0,910,5763,3569,35,23,0,16,1,1024,10,Matches
242,Omari Hutchinson,eng ENG,"MF,FW",Ipswich Town,21-176,2003,24.7,1061,12,168,450,463,74,1061,114,45,39.5,54,47.4,645,4832,2288,71,35,30,68,55,748,131,Matches
243,Rasmus Højlund,dk DEN,FW,Manchester Utd,22-079,2003,18.4,422,5,28,211,190,56,422,28,8,28.6,18,64.3,263,1334,619,26,13,16,56,27,335,82,Matches
244,Igor,br BRA,DF,Brighton,27-076,1998,10.0,764,109,377,353,38,1,764,4,3,75.0,1,25.0,497,2837,1782,9,14,0,1,0,568,0,Matches
245,Danny Ings,eng ENG,"FW,MF",West Ham,32-275,1992,3.2,139,2,15,51,73,27,139,7,4,57.1,2,28.6,63,324,118,6,0,2,6,6,96,29,Matches
246,Tim Iroegbunam,eng ENG,MF,Everton,21-298,2003,6.3,255,21,80,122,59,12,255,20,8,40.0,8,40.0,121,723,360,8,10,2,10,18,110,9,Matches
247,Andy Irving,sct SCO,MF,West Ham,24-346,2000,1.8,150,7,37,89,24,0,150,1,1,100.0,0,0.0,73,305,137,0,1,0,1,3,104,4,Matches
248,Alexander Isak,se SWE,FW,Newcastle Utd,25-215,1999,26.8,896,19,52,337,521,166,894,85,42,49.4,42,49.4,541,3379,1700,76,40,42,59,50,632,192,Matches
249,Alex Iwobi,ng NGA,"FW,MF",Fulham,28-356,1996,29.3,1631,31,222,660,774,103,1631,83,42,50.6,37,44.6,1159,7025,3894,128,94,37,54,38,1270,214,Matches
250,Nicolas Jackson,sn SEN,FW,Chelsea,23-308,2001,22.5,622,19,44,252,334,135,622,55,17,30.9,28,50.9,373,2320,1241,44,24,29,59,36,456,114,Matches
Rk,Player,Nation,Pos,Squad,Age,Born,90s,Touches,Def Pen,Def 3rd,Mid 3rd,Att 3rd,Att Pen,Live,Att,Succ,Succ%,Tkld,Tkld%,Carries,TotDist,PrgDist,PrgC,1/3,CPA,Mis,Dis,Rec,PrgR,Matches
251,Reece James,eng ENG,"DF,MF",Chelsea,25-137,1999,9.0,744,32,209,415,125,4,744,16,6,37.5,6,37.5,390,1540,717,6,4,0,6,5,468,9,Matches
252,Vitaly Janelt,de GER,MF,Brentford,26-349,1998,25.0,1289,118,418,574,306,32,1289,12,3,25.0,7,58.3,652,3011,1278,17,18,3,16,10,814,38,Matches
253,Vitezslav Jaros,cz CZE,GK,Liverpool,23-275,2001,0.1,8,5,8,0,0,0,8,0,0,,0,,7,29,8,0,0,0,0,0,5,0,Matches
254,Daniel Jebbison,eng ENG,FW,Bournemouth,21-254,2003,0.8,52,2,4,21,27,9,52,5,4,80.0,1,20.0,33,212,81,2,1,3,11,4,37,11,Matches
255,Mathias Jensen,dk DEN,MF,Brentford,29-113,1996,8.6,510,23,115,215,183,9,510,15,9,60.0,4,26.7,273,1176,538,6,8,0,8,6,315,26,Matches
256,Gabriel Jesus,br BRA,FW,Arsenal,28-021,1997,6.8,299,9,28,108,165,48,299,22,9,40.9,10,45.5,179,953,432,15,6,11,13,13,217,57,Matches
257,Raúl Jiménez,mx MEX,FW,Fulham,33-354,1991,22.7,846,28,100,371,388,140,843,44,18,40.9,23,52.3,475,2103,943,31,19,16,60,41,623,113,Matches
258,Kim Jisoo,kr KOR,DF,Brentford,20-121,2004,0.3,30,1,15,12,3,0,30,0,0,,0,,15,57,22,0,0,0,0,1,22,0,Matches
259,João Pedro,br BRA,"FW,MF",Brighton,23-210,2001,21.6,940,12,60,387,508,122,935,86,29,33.7,47,54.7,616,3821,1821,66,39,30,72,38,732,128,Matches
260,Joelinton,br BRA,"MF,FW",Newcastle Utd,28-253,1996,26.6,1360,67,256,670,448,83,1360,46,15,32.6,28,60.9,729,3598,1786,40,26,9,39,53,934,110,Matches
261,Ben Johnson,eng ENG,"DF,FW",Ipswich Town,25-090,2000,14.6,609,58,238,214,160,12,609,23,7,30.4,14,60.9,254,1470,575,16,12,3,22,17,284,32,Matches
262,Brennan Johnson,wls WAL,FW,Tottenham,23-336,2001,22.1,807,16,88,272,459,120,807,42,19,45.2,20,47.6,519,2774,1394,57,20,32,24,16,598,192,Matches
263,Sam Johnstone,eng ENG,GK,Wolves,32-030,1993,7.0,306,229,304,2,0,0,306,0,0,,0,,196,1221,756,0,0,0,0,0,179,0,Matches
264,Curtis Jones,eng ENG,"MF,DF",Liverpool,24-084,2001,15.7,1014,26,155,536,329,50,1014,16,10,62.5,5,31.3,612,2932,1318,21,14,5,22,29,759,67,Matches
265,Jorginho,it ITA,MF,Arsenal,33-125,1991,7.8,519,9,92,303,130,3,519,4,1,25.0,2,50.0,302,1498,874,12,13,0,10,9,388,6,Matches
266,Diogo Jota,pt POR,FW,Liverpool,28-141,1996,11.9,436,5,28,180,235,88,436,30,11,36.7,18,60.0,240,1423,753,36,21,20,36,21,304,85,Matches
267,James Justin,eng ENG,DF,Leicester City,27-060,1998,28.2,1676,130,588,743,355,36,1676,28,9,32.1,12,42.9,746,3114,1533,36,25,4,30,13,921,90,Matches
268,Filip Jørgensen,dk DEN,GK,Chelsea,23-008,2002,6.0,202,174,201,1,0,0,202,0,0,,0,,145,676,423,0,0,0,0,0,139,0,Matches
269,Ferdi Kadioglu,tr TUR,"DF,MF",Brighton,25-199,1999,4.3,231,13,71,91,72,9,231,7,3,42.9,3,42.9,124,479,183,1,0,0,6,2,144,27,Matches
270,Daichi Kamada,jp JPN,MF,Crystal Palace,28-262,1996,14.9,800,18,171,417,217,28,800,13,4,30.8,7,53.8,400,1909,937,23,17,4,13,18,514,52,Matches
271,Boubacar Kamara,fr FRA,MF,Aston Villa,25-152,1999,15.3,911,88,288,520,109,8,911,22,8,36.4,7,31.8,467,2328,1082,16,11,1,9,11,610,5,Matches
272,Michael Kayode,it ITA,DF,Brentford,20-288,2004,1.4,75,9,33,24,20,4,75,2,1,50.0,1,50.0,29,191,118,3,2,2,2,0,29,10,Matches
273,Michael Keane,eng ENG,DF,Everton,32-103,1993,9.5,426,85,241,169,18,14,426,1,0,0.0,1,100.0,189,753,236,1,1,0,1,2,240,3,Matches
274,Caoimhín Kelleher,ie IRL,GK,Liverpool,26-152,1998,10.0,398,286,396,2,0,0,398,1,1,100.0,0,0.0,290,1131,616,0,0,0,1,0,275,0,Matches
275,Lloyd Kelly,eng ENG,DF,Newcastle Utd,26-200,1998,3.4,215,26,105,94,19,4,215,3,2,66.7,1,33.3,120,474,202,0,2,0,3,2,129,5,Matches
Rk,Player,Nation,Pos,Squad,Age,Born,90s,Touches,Def Pen,Def 3rd,Mid 3rd,Att 3rd,Att Pen,Live,Att,Succ,Succ%,Tkld,Tkld%,Carries,TotDist,PrgDist,PrgC,1/3,CPA,Mis,Dis,Rec,PrgR,Matches
276,Milos Kerkez,hu HUN,DF,Bournemouth,21-168,2003,32.2,1858,101,482,782,616,57,1858,43,19,44.2,14,32.6,926,5380,3158,89,62,15,42,18,1004,161,Matches
277,Bilal El Khannouss,ma MAR,MF,Leicester City,20-349,2004,20.4,1082,16,154,560,380,27,1082,46,27,58.7,17,37.0,618,3776,1741,61,38,9,33,32,719,71,Matches
278,Abdukodir Khusanov,uz UZB,DF,Manchester City,21-054,2004,5.6,445,45,205,211,31,1,445,2,0,0.0,2,100.0,274,1155,435,1,1,0,2,1,332,2,Matches
279,Max Kilman,eng ENG,DF,West Ham,27-336,1997,32.2,2018,406,1126,812,95,28,2018,18,13,72.2,1,5.6,1056,4774,2749,28,10,2,14,2,1337,5,Matches
280,Joshua King,eng ENG,"MF,FW",Fulham,18-111,2007,0.9,54,2,8,19,28,7,54,7,4,57.1,3,42.9,22,176,70,1,3,0,1,3,36,9,Matches
281,Antonín Kinský,cz CZE,GK,Tottenham,22-042,2003,4.0,156,134,154,2,0,0,156,0,0,,0,,97,444,267,1,0,0,0,0,98,0,Matches
282,Jakub Kiwior,pl POL,DF,Arsenal,25-068,2000,8.5,610,59,194,366,50,4,610,4,3,75.0,1,25.0,350,1405,808,5,4,1,3,1,463,0,Matches
283,Justin Kluivert,nl NED,"MF,FW",Bournemouth,25-354,1999,22.5,937,23,91,314,552,114,931,81,33,40.7,38,46.9,553,3554,2006,68,46,34,46,24,607,142,Matches
284,Ibrahima Konaté,fr FRA,DF,Liverpool,25-334,1999,24.8,1917,207,818,999,106,21,1917,4,2,50.0,1,25.0,1137,5235,3020,21,13,0,8,2,1386,2,Matches
285,Ezri Konsa,eng ENG,DF,Aston Villa,27-183,1997,28.6,1693,213,795,807,99,20,1693,17,7,41.2,7,41.2,986,4914,2465,16,11,2,16,9,1177,11,Matches
286,Mateo Kovačić,hr CRO,MF,Manchester City,30-353,1994,21.8,1859,48,274,1063,543,16,1859,38,20,52.6,11,28.9,1259,7419,3432,51,71,3,16,29,1506,15,Matches
287,Caleb Kporha,eng ENG,DF,Crystal Palace,18-283,2006,0.1,11,1,4,2,5,0,11,0,0,,0,,4,46,36,1,1,0,0,2,3,0,Matches
288,Emil Krafth,se SWE,DF,Newcastle Utd,30-265,1994,3.2,164,30,87,59,19,4,164,1,0,0.0,1,100.0,72,327,133,3,3,0,2,2,85,1,Matches
289,Mohammed Kudus,gh GHA,"FW,MF",West Ham,24-265,2000,24.9,1100,11,149,451,537,111,1100,177,77,43.5,83,46.9,719,4711,2242,87,55,38,63,84,860,189,Matches
290,Dejan Kulusevski,se SWE,"MF,FW",Tottenham,24-364,2000,24.8,1218,21,136,408,698,153,1218,109,36,33.0,65,59.6,795,5974,3149,117,66,38,73,72,871,207,Matches
291,Maxence Lacroix,fr FRA,DF,Crystal Palace,25-018,2000,30.6,1735,313,1058,612,72,36,1735,13,8,61.5,3,23.1,928,4307,1935,8,4,0,21,3,1022,7,Matches
292,Adam Lallana,eng ENG,MF,Southampton,36-349,1988,4.0,318,19,91,155,73,6,318,12,5,41.7,5,41.7,178,831,366,6,8,0,10,6,245,10,Matches
293,Tariq Lamptey,gh GHA,DF,Brighton,24-206,2000,8.5,489,25,147,208,137,9,489,27,9,33.3,15,55.6,267,1867,893,25,13,2,9,4,276,40,Matches
294,Will Lankshear,eng ENG,"FW,MF",Tottenham,20-004,2005,0.1,3,0,0,2,1,0,3,0,0,,0,,3,3,0,0,0,0,2,0,3,1,Matches
295,Roméo Lavia,be BEL,MF,Chelsea,21-108,2004,6.0,344,12,86,209,53,1,344,12,7,58.3,5,41.7,204,935,407,3,8,0,1,6,249,6,Matches
296,Mario Lemina,ga GAB,"MF,DF",Wolves,31-235,1993,15.2,809,92,324,378,119,18,809,16,10,62.5,4,25.0,382,2068,1038,8,12,2,21,11,482,21,Matches
297,Bernd Leno,de GER,GK,Fulham,33-051,1992,33.0,1305,1046,1296,9,0,0,1305,0,0,,0,,867,3475,1914,0,0,0,0,0,767,0,Matches
298,Jefferson Lerma,co COL,"MF,DF",Crystal Palace,30-181,1994,22.6,1267,95,402,652,223,26,1267,12,6,50.0,4,33.3,595,2262,1001,11,10,0,14,15,745,24,Matches
299,Rico Lewis,eng ENG,"DF,MF",Manchester City,20-154,2004,20.1,1399,51,286,702,426,42,1399,21,9,42.9,11,52.4,815,4008,2032,36,38,8,19,19,1002,68,Matches
300,Keane Lewis-Potter,eng ENG,"DF,FW",Brentford,24-061,2001,30.2,1414,93,430,542,460,69,1414,94,38,40.4,47,50.0,747,5449,2921,92,61,34,42,18,835,143,Matches
Rk,Player,Nation,Pos,Squad,Age,Born,90s,Touches,Def Pen,Def 3rd,Mid 3rd,Att 3rd,Att Pen,Live,Att,Succ,Succ%,Tkld,Tkld%,Carries,TotDist,PrgDist,PrgC,1/3,CPA,Mis,Dis,Rec,PrgR,Matches
301,Myles Lewis-Skelly,eng ENG,DF,Arsenal,18-210,2006,12.0,702,18,123,384,208,14,702,25,12,48.0,9,36.0,401,2133,1332,29,21,5,9,8,482,32,Matches
302,Matthijs de Ligt,nl NED,DF,Manchester Utd,25-255,1999,23.2,1584,181,813,722,56,29,1584,4,2,50.0,2,50.0,1063,4696,2219,7,3,0,5,3,1142,6,Matches
303,Pedro Lima,br BRA,DF,Wolves,18-297,2006,0.8,48,0,9,12,28,3,48,3,1,33.3,2,66.7,22,120,83,4,3,1,1,0,30,11,Matches
304,Victor Lindelöf,se SWE,DF,Manchester Utd,30-281,1994,4.9,248,37,149,92,7,3,248,0,0,,0,,127,559,239,1,0,0,1,0,161,1,Matches
305,Jesper Lindstrøm,dk DEN,FW,Everton,25-054,2000,13.8,625,22,127,206,303,40,625,43,8,18.6,31,72.1,302,1627,780,30,19,7,31,24,347,81,Matches
306,Valentino Livramento,eng ENG,DF,Newcastle Utd,22-163,2002,26.6,1659,104,543,767,374,28,1659,47,21,44.7,19,40.4,867,5184,2741,68,37,9,24,34,944,85,Matches
307,Sean Longstaff,eng ENG,MF,Newcastle Utd,27-176,1997,8.9,433,23,122,193,121,21,433,7,2,28.6,4,57.1,248,1176,429,4,10,2,9,7,308,22,Matches
308,Saša Lukić,rs SRB,MF,Fulham,28-254,1996,22.6,1302,48,282,744,289,15,1302,17,8,47.1,5,29.4,726,3903,1973,37,37,4,20,7,835,28,Matches
309,Joe Lumley,eng ENG,GK,Southampton,30-068,1995,3.0,164,116,161,3,0,0,164,0,0,,0,,103,476,296,0,0,0,0,0,108,0,Matches
310,Massimo Luongo,au AUS,MF,Ipswich Town,32-211,1992,2.1,73,9,33,24,16,1,73,0,0,,0,,38,140,25,0,0,0,2,3,41,1,Matches
311,Ian Maatsen,nl NED,DF,Aston Villa,23-045,2002,9.9,756,42,200,278,286,40,756,20,10,50.0,10,50.0,404,2071,974,26,15,11,18,20,463,84,Matches
312,Alexis Mac Allister,ar ARG,MF,Liverpool,26-121,1998,27.5,1770,52,265,921,603,56,1770,42,16,38.1,21,50.0,869,3570,1887,32,39,3,29,22,1175,75,Matches
313,James Maddison,eng ENG,MF,Tottenham,28-152,1996,19.6,1438,25,207,677,567,76,1438,74,31,41.9,33,44.6,1010,5042,2227,43,39,19,23,24,1112,92,Matches
314,Noni Madueke,eng ENG,FW,Chelsea,23-045,2002,18.3,793,17,78,219,509,157,793,76,32,42.1,37,48.7,534,4427,2826,124,42,75,40,23,614,198,Matches
315,Gabriel Magalhães,br BRA,DF,Arsenal,27-126,1997,26.3,1873,189,672,985,225,40,1873,5,4,80.0,1,20.0,1116,4470,2669,10,22,0,9,2,1366,11,Matches
316,Edmond-Paris Maghoma,eng ENG,"MF,FW",Brentford,23-351,2001,1.3,101,2,18,58,27,4,101,4,3,75.0,1,25.0,68,414,221,4,3,1,2,0,75,4,Matches
317,Harry Maguire,eng ENG,DF,Manchester Utd,32-050,1993,15.8,1085,133,541,497,60,35,1085,5,2,40.0,3,60.0,640,3970,1629,6,6,3,6,2,702,5,Matches
318,Kobbie Mainoo,eng ENG,MF,Manchester Utd,20-005,2005,15.0,888,17,170,503,223,31,888,42,20,47.6,20,47.6,547,2401,1045,19,13,9,27,31,631,36,Matches
319,Tyrell Malacia,nl NED,DF,Manchester Utd,25-250,1999,1.1,62,2,20,27,15,0,62,1,1,100.0,0,0.0,37,190,118,3,2,0,1,2,43,6,Matches
320,Donyell Malen,nl NED,FW,Aston Villa,26-105,1999,3.0,110,2,7,29,80,18,110,10,3,30.0,5,50.0,63,478,251,9,5,5,8,6,71,23,Matches
321,Orel Mangala,be BEL,MF,Everton,27-037,1998,14.0,621,22,133,335,157,13,621,24,14,58.3,9,37.5,298,1574,576,6,6,3,12,12,406,19,Matches
322,Ryan Manning,ie IRL,"DF,MF",Southampton,28-314,1996,14.2,844,63,224,348,281,21,844,32,11,34.4,13,40.6,427,1777,857,12,13,4,16,5,506,68,Matches
323,Solly March,eng ENG,"FW,MF",Brighton,30-278,1994,1.2,81,0,5,26,50,3,81,4,1,25.0,3,75.0,32,211,74,2,0,1,2,1,42,14,Matches
324,Omar Marmoush,eg EGY,"FW,MF",Manchester City,26-076,1999,10.2,389,2,27,114,253,52,389,35,14,40.0,17,48.6,249,1535,730,20,14,11,34,13,282,63,Matches
325,Gabriel Martinelli,br BRA,"FW,MF",Arsenal,23-310,2001,21.7,860,15,83,218,571,162,860,103,30,29.1,57,55.3,576,4268,2279,107,29,55,48,33,655,259,Matches
Rk,Player,Nation,Pos,Squad,Age,Born,90s,Touches,Def Pen,Def 3rd,Mid 3rd,Att 3rd,Att Pen,Live,Att,Succ,Succ%,Tkld,Tkld%,Carries,TotDist,PrgDist,PrgC,1/3,CPA,Mis,Dis,Rec,PrgR,Matches
326,Emiliano Martínez,ar ARG,GK,Aston Villa,32-234,1992,32.0,1307,990,1292,15,0,0,1307,1,1,100.0,0,0.0,794,4063,2586,0,0,0,1,0,718,0,Matches
327,Lisandro Martínez,ar ARG,DF,Manchester Utd,27-096,1998,19.5,1524,156,713,697,125,18,1524,7,6,85.7,1,14.3,1017,5141,3129,23,23,2,1,3,1069,7,Matches
328,Pape Matar Sarr,sn SEN,MF,Tottenham,22-222,2002,17.7,1110,32,231,623,274,26,1110,25,11,44.0,12,48.0,713,4151,1736,29,31,5,25,21,798,50,Matches
329,Jean-Philippe Mateta,fr FRA,FW,Crystal Palace,27-300,1997,27.1,680,24,57,327,310,86,678,42,18,42.9,20,47.6,362,1868,888,37,20,8,67,41,501,114,Matches
330,Stephy Mavididi,eng ENG,FW,Leicester City,26-328,1998,17.9,863,23,132,327,421,61,863,95,35,36.8,47,49.5,583,4343,2355,91,40,27,39,35,623,138,Matches
331,Konstantinos Mavropanos,gr GRE,DF,West Ham,27-134,1997,20.6,1360,204,706,602,60,22,1360,17,9,52.9,5,29.4,745,3730,2069,16,10,1,12,0,886,2,Matches
332,Noussair Mazraoui,ma MAR,DF,Manchester Utd,27-161,1997,28.5,1940,154,767,894,303,26,1940,43,24,55.8,16,37.2,1070,4972,2613,36,28,3,23,16,1175,47,Matches
333,Bryan Mbeumo,cm CMR,FW,Brentford,25-260,1999,32.9,1523,47,216,483,851,137,1518,93,42,45.2,39,41.9,924,5826,3035,110,61,64,87,38,1034,300,Matches
334,James Mcatee,eng ENG,"MF,FW",Manchester City,22-188,2002,3.3,145,2,16,58,72,19,145,7,2,28.6,5,71.4,82,417,187,7,5,1,5,1,104,25,Matches
335,Kasey McAteer,ie IRL,"FW,MF",Leicester City,23-153,2001,5.4,237,16,49,92,102,19,237,13,1,7.7,8,61.5,146,944,413,13,9,7,9,6,162,42,Matches
336,Alex McCarthy,eng ENG,GK,Southampton,35-142,1989,5.0,173,141,173,0,0,0,173,0,0,,0,,100,452,276,0,0,0,0,0,88,0,Matches
337,John McGinn,sct SCO,"MF,FW",Aston Villa,30-188,1994,22.1,965,27,154,514,307,52,965,43,17,39.5,12,27.9,530,2671,1142,30,16,6,33,25,677,70,Matches
338,Dwight McNeil,eng ENG,"MF,FW",Everton,25-153,1999,12.9,625,3,64,269,307,19,625,38,21,55.3,16,42.1,362,2260,957,32,29,4,22,25,419,66,Matches
339,Scott McTominay,sct SCO,MF,Manchester Utd,28-137,1996,0.2,14,1,3,8,3,1,14,1,0,0.0,1,100.0,10,68,44,0,0,0,1,1,9,2,Matches
340,Ben Mee,eng ENG,DF,Brentford,35-215,1989,2.0,138,18,66,62,11,3,138,0,0,,0,,78,404,274,3,1,1,0,0,86,2,Matches
341,Jayden Meghoma,eng ENG,DF,Brentford,18-300,2006,0.1,3,1,2,0,1,0,3,0,0,,0,,1,1,0,0,0,0,0,0,2,0,Matches
342,Mikel Merino,es ESP,"MF,FW",Arsenal,28-306,1996,15.6,709,35,127,300,291,72,709,17,7,41.2,6,35.3,349,1337,638,9,12,4,21,22,460,86,Matches
343,Shumaira Mheuka,eng ENG,MF,Chelsea,17-186,2007,0.0,2,0,0,0,2,1,2,0,0,,0,,1,0,0,0,0,0,0,0,2,0,Matches
344,Nikola Milenković,rs SRB,DF,Nott'ham Forest,27-194,1997,32.0,1189,225,650,463,80,58,1189,1,1,100.0,0,0.0,454,1973,939,3,3,2,2,2,603,6,Matches
345,Lewis Miley,eng ENG,MF,Newcastle Utd,18-358,2006,2.5,175,5,37,97,42,5,175,2,0,0.0,1,50.0,87,440,174,1,1,0,5,1,124,6,Matches
346,James Milner,eng ENG,MF,Brighton,39-110,1986,1.9,92,3,13,48,31,4,92,1,1,100.0,0,0.0,46,223,97,1,1,0,0,0,58,10,Matches
347,Tyrone Mings,eng ENG,DF,Aston Villa,32-042,1993,11.7,767,139,388,340,43,15,767,2,2,100.0,0,0.0,472,2597,1333,6,12,0,3,1,523,0,Matches
348,Yankuba Minteh,gm GAM,"FW,MF",Brighton,20-276,2004,16.3,670,27,121,192,375,112,670,79,37,46.8,35,44.3,378,2687,1585,63,17,49,41,19,391,154,Matches
349,Tyrick Mitchell,eng ENG,DF,Crystal Palace,25-235,1999,31.7,1614,104,560,615,452,42,1614,31,13,41.9,15,48.4,742,3411,1564,56,33,9,35,28,828,160,Matches
350,Kaoru Mitoma,jp JPN,"FW,MF",Brighton,27-339,1997,27.7,1284,15,146,443,722,153,1284,126,48,38.1,73,57.9,775,6198,3613,136,76,54,49,22,900,274,Matches
Rk,Player,Nation,Pos,Squad,Age,Born,90s,Touches,Def Pen,Def 3rd,Mid 3rd,Att 3rd,Att Pen,Live,Att,Succ,Succ%,Tkld,Tkld%,Carries,TotDist,PrgDist,PrgC,1/3,CPA,Mis,Dis,Rec,PrgR,Matches
351,Jakub Moder,pl POL,MF,Brighton,26-017,1999,0.1,27,2,7,12,9,1,27,0,0,,0,,13,93,62,2,3,0,0,0,14,0,Matches
352,Jeremy Monga,,FW,Leicester City,,,0.3,12,0,0,7,5,0,12,3,0,0.0,2,66.7,10,106,4,0,1,0,2,1,10,3,Matches
353,Mikey Moore,eng ENG,"FW,MF",Tottenham,17-256,2007,2.1,96,1,10,22,65,12,96,11,1,9.1,9,81.8,68,521,239,9,3,4,6,4,73,30,Matches
354,Morato,br BRA,DF,Nott'ham Forest,23-298,2001,8.9,382,82,237,128,19,2,382,1,1,100.0,0,0.0,124,610,273,0,2,0,6,3,158,1,Matches
355,Álex Moreno,es ESP,"DF,MF",Nott'ham Forest,31-320,1993,10.6,559,60,210,202,158,8,559,21,8,38.1,8,38.1,229,1470,864,26,16,4,13,6,258,34,Matches
356,Sam Morsy,eg EGY,MF,Ipswich Town,33-226,1991,25.9,1439,81,429,817,206,4,1439,20,12,60.0,6,30.0,739,3943,1704,14,20,2,14,9,968,9,Matches
357,Yerson Mosquera,co COL,DF,Wolves,23-357,2001,4.9,294,43,170,115,12,7,294,0,0,,0,,168,683,322,0,1,0,4,1,182,0,Matches
358,Mason Mount,eng ENG,"MF,FW",Manchester Utd,26-104,1999,3.9,175,3,24,85,67,12,175,4,0,0.0,3,75.0,114,548,218,7,8,1,7,8,130,15,Matches
359,Divin Mubama,eng ENG,FW,Manchester City,20-181,2004,0.3,5,0,0,2,3,1,5,0,0,,0,,2,14,0,0,0,0,0,1,3,0,Matches
360,Mykhailo Mudryk,ua UKR,FW,Chelsea,24-109,2001,1.7,62,3,12,15,38,6,62,8,3,37.5,5,62.5,39,468,227,7,8,0,3,7,42,12,Matches
361,Marshall Munetsi,zw ZIM,"MF,FW",Wolves,28-306,1996,7.8,244,14,34,139,73,20,244,6,1,16.7,4,66.7,94,331,98,4,2,3,24,9,122,23,Matches
362,Rodrigo Muniz,br BRA,FW,Fulham,23-355,2001,10.7,311,14,27,161,127,55,311,18,6,33.3,9,50.0,157,651,187,6,4,3,47,24,237,31,Matches
363,Daniel Muñoz,co COL,DF,Crystal Palace,28-333,1996,31.9,1787,107,507,743,556,89,1787,50,19,38.0,29,58.0,695,3469,1464,49,32,15,50,18,847,184,Matches
364,Arijanet Muric,xk KVX,GK,Ipswich Town,26-168,1998,18.0,689,559,672,18,0,0,689,0,0,,0,,405,2088,1178,0,0,0,3,1,321,0,Matches
365,Murillo,br BRA,DF,Nott'ham Forest,22-294,2002,31.5,1665,375,853,737,89,17,1665,33,26,78.8,7,21.2,706,3633,2162,19,24,1,18,9,839,4,Matches
366,Jacob Murphy,eng ENG,FW,Newcastle Utd,30-059,1995,22.4,1056,20,157,399,511,76,1056,60,30,50.0,28,46.7,621,3764,1983,67,30,23,28,33,755,187,Matches
367,Vitaliy Mykolenko,ua UKR,DF,Everton,25-330,1999,29.2,1433,110,455,618,371,24,1433,18,7,38.9,8,44.4,581,2418,1348,29,23,1,19,8,721,75,Matches
368,Iliman Ndiaye,sn SEN,FW,Everton,25-049,2000,23.5,941,32,194,387,408,74,939,132,61,46.2,62,47.0,543,4265,2140,78,39,29,48,38,571,105,Matches
369,Wilfred Ndidi,ng NGA,MF,Leicester City,28-129,1996,21.9,1162,109,391,555,226,56,1162,29,12,41.4,15,51.7,551,2265,922,14,19,2,33,28,677,72,Matches
370,Kosta Nedeljković,rs SRB,DF,Aston Villa,19-129,2005,1.4,66,4,15,32,19,0,66,2,1,50.0,1,50.0,27,101,33,1,0,0,1,0,32,0,Matches
371,Reiss Nelson,eng ENG,FW,Arsenal,25-135,1999,0.0,2,0,1,1,0,0,2,0,0,,0,,1,4,4,0,0,0,0,0,1,0,Matches
372,Reiss Nelson,eng ENG,FW,Fulham,25-135,1999,5.4,347,5,30,110,212,35,347,35,13,37.1,13,37.1,259,1956,960,45,25,21,14,8,274,63,Matches
373,Neto,br BRA,GK,Bournemouth,35-279,1989,2.0,70,60,70,0,0,0,70,0,0,,0,,35,148,99,0,0,0,0,0,28,0,Matches
374,Pedro Neto,pt POR,FW,Chelsea,25-046,2000,20.4,961,8,79,277,617,101,961,87,26,29.9,39,44.8,632,5190,2652,106,49,37,36,24,707,216,Matches
375,Eddie Nketiah,eng ENG,"FW,MF",Crystal Palace,25-329,1999,9.8,359,9,38,150,178,59,359,19,10,52.6,6,31.6,210,1554,826,38,22,13,30,15,256,65,Matches
Rk,Player,Nation,Pos,Squad,Age,Born,90s,Touches,Def Pen,Def 3rd,Mid 3rd,Att 3rd,Att Pen,Live,Att,Succ,Succ%,Tkld,Tkld%,Carries,TotDist,PrgDist,PrgC,1/3,CPA,Mis,Dis,Rec,PrgR,Matches
376,Christopher Nkunku,fr FRA,FW,Chelsea,27-161,1997,10.2,448,10,52,183,217,52,448,27,10,37.0,14,51.9,280,1368,628,17,16,13,18,17,356,68,Matches
377,Gustavo Nunes,br BRA,"MF,FW",Brentford,19-155,2005,0.0,2,1,1,1,0,0,2,0,0,,0,,0,0,0,0,0,0,1,0,0,0,Matches
378,Matheus Nunes,pt POR,"DF,MF",Manchester City,26-240,1998,15.6,1166,35,207,442,522,53,1166,33,15,45.5,13,39.4,717,3840,1991,56,26,22,27,11,842,151,Matches
379,Darwin Núñez,uy URU,FW,Liverpool,25-304,1999,11.2,326,10,43,110,183,60,326,21,8,38.1,12,57.1,175,939,492,20,16,10,21,17,216,67,Matches
380,Ethan Nwaneri,eng ENG,"FW,MF",Arsenal,18-034,2007,9.1,491,3,43,159,294,39,491,55,32,58.2,17,30.9,330,2624,1233,44,21,16,20,17,358,101,Matches
381,Christian Nørgaard,dk DEN,MF,Brentford,31-045,1994,26.3,1526,153,530,723,288,50,1526,12,6,50.0,4,33.3,703,2656,1147,12,12,4,28,18,916,34,Matches
382,Jake O'Brien,ie IRL,DF,Everton,23-344,2001,13.5,686,56,273,283,132,18,686,9,3,33.3,5,55.6,282,1213,500,7,5,2,5,5,343,24,Matches
383,Matt O'Riley,dk DEN,MF,Brighton,24-154,2000,7.5,400,15,62,179,161,33,400,12,7,58.3,4,33.3,205,874,432,16,11,5,13,3,233,40,Matches
384,Dara O'Shea,ie IRL,DF,Ipswich Town,26-051,1999,29.7,1772,350,1025,642,110,46,1772,2,1,50.0,1,50.0,795,3472,1713,3,2,0,11,4,1015,6,Matches
385,Chidozie Obi-Martin,dk DEN,FW,Manchester Utd,17-146,2007,0.5,21,1,4,9,8,2,21,1,0,0.0,1,100.0,10,59,27,1,0,0,2,1,13,5,Matches
386,Wilson Odobert,fr FRA,FW,Tottenham,20-147,2004,5.7,278,4,27,98,155,29,278,28,11,39.3,14,50.0,201,1578,956,36,20,16,14,12,209,52,Matches
387,Chiedozie Ogbene,ie IRL,FW,Ipswich Town,27-358,1997,2.6,70,3,11,19,40,6,70,7,1,14.3,3,42.9,41,330,139,7,2,2,4,2,43,15,Matches
388,Caleb Okoli,it ITA,DF,Leicester City,23-285,2001,12.5,804,152,450,324,35,10,804,0,0,,0,,467,2304,1106,3,6,0,10,2,483,2,Matches
389,Robin Olsen,se SWE,GK,Aston Villa,35-106,1990,2.0,83,73,82,1,0,0,83,0,0,,0,,44,226,109,0,0,0,0,0,41,0,Matches
390,Amadou Onana,be BEL,MF,Aston Villa,23-251,2001,15.0,836,60,227,490,132,20,836,17,11,64.7,3,17.6,459,2351,1237,20,20,1,10,9,563,13,Matches
391,André Onana,cm CMR,GK,Manchester Utd,29-022,1996,32.0,1286,975,1265,22,0,0,1286,0,0,,0,,912,4619,2579,0,0,0,1,0,791,0,Matches
392,Paul Onuachu,ng NGA,FW,Southampton,30-331,1994,10.9,410,15,41,220,152,60,410,25,7,28.0,14,56.0,198,800,237,7,5,2,46,33,336,39,Matches
393,Frank Onyeka,ng NGA,MF,Brentford,27-113,1998,0.3,10,0,1,5,4,0,10,0,0,,0,,6,55,14,0,0,0,2,1,6,0,Matches
394,Lewis Orford,eng ENG,MF,West Ham,19-065,2006,0.5,42,1,8,28,7,2,42,0,0,,0,,22,98,27,0,0,0,1,0,31,1,Matches
395,Stefan Ortega,de GER,GK,Manchester City,32-169,1992,12.2,492,383,489,3,0,0,492,0,0,,0,,323,1489,864,0,0,0,0,0,309,0,Matches
396,William Osula,dk DEN,FW,Newcastle Utd,21-263,2003,1.0,31,1,2,17,12,3,31,5,2,40.0,3,60.0,17,91,17,1,1,0,5,4,16,7,Matches
397,Dango Ouattara,bf BFA,FW,Bournemouth,23-072,2002,20.5,885,55,148,285,470,123,885,74,36,48.6,32,43.2,454,3288,1611,73,32,37,55,30,535,184,Matches
398,Nico O’Reilly,eng ENG,DF,Manchester City,20-034,2005,5.1,369,12,58,201,115,15,369,13,9,69.2,4,30.8,224,1088,542,15,12,0,10,8,265,23,Matches
399,Alex Palmer,eng ENG,GK,Ipswich Town,28-257,1996,9.0,317,268,312,6,0,0,317,0,0,,0,,143,813,486,0,0,0,1,0,101,0,Matches
400,Cole Palmer,eng ENG,MF,Chelsea,22-353,2002,30.5,1606,20,127,709,791,125,1602,100,44,44.0,41,41.0,1014,6787,3231,101,66,35,58,32,1184,161,Matches
Rk,Player,Nation,Pos,Squad,Age,Born,90s,Touches,Def Pen,Def 3rd,Mid 3rd,Att 3rd,Att Pen,Live,Att,Succ,Succ%,Tkld,Tkld%,Carries,TotDist,PrgDist,PrgC,1/3,CPA,Mis,Dis,Rec,PrgR,Matches
401,Emerson Palmieri,it ITA,DF,West Ham,30-264,1994,21.4,1222,75,393,516,328,25,1222,30,10,33.3,17,56.7,504,2807,1601,42,22,8,22,7,682,75,Matches
402,Lucas Paquetá,br BRA,"MF,FW",West Ham,27-240,1997,24.1,1593,53,320,877,409,54,1591,38,15,39.5,18,47.4,807,2833,1174,20,30,2,49,48,1121,81,Matches
403,Thomas Partey,gh GHA,"MF,DF",Arsenal,31-315,1993,27.1,1926,64,400,1060,477,27,1926,30,20,66.7,8,26.7,1088,5793,3086,31,36,3,20,14,1372,45,Matches
404,Nathan Patterson,sct SCO,"DF,FW",Everton,23-190,2001,2.3,126,6,31,51,46,4,126,8,7,87.5,0,0.0,50,220,113,4,2,2,3,1,63,7,Matches
405,Andreas Pereira,br BRA,MF,Fulham,29-113,1996,20.4,1066,16,153,438,492,38,1065,29,13,44.8,8,27.6,547,2625,1254,27,34,8,24,21,633,77,Matches
406,Ricardo Pereira,pt POR,DF,Leicester City,31-200,1993,3.3,216,12,59,121,37,5,216,8,5,62.5,2,25.0,110,336,137,3,3,2,2,0,119,5,Matches
407,Kalvin Phillips,eng ENG,MF,Ipswich Town,29-143,1995,13.5,722,60,220,388,118,4,722,12,5,41.7,6,50.0,302,1447,541,4,5,0,24,10,383,4,Matches
408,Jaden Philogene Bidace,eng ENG,"FW,MF",Aston Villa,23-075,2002,3.7,145,4,27,54,66,14,145,15,4,26.7,8,53.3,75,520,239,7,5,7,7,3,83,17,Matches
409,Jaden Philogene Bidace,eng ENG,"FW,DF",Ipswich Town,23-075,2002,5.3,220,10,53,68,101,18,220,18,5,27.8,11,61.1,127,862,305,13,3,5,11,10,133,36,Matches
410,Jordan Pickford,eng ENG,GK,Everton,31-048,1994,33.0,1466,955,1401,66,0,0,1466,0,0,,0,,822,5043,2940,0,0,0,2,0,723,0,Matches
411,Ethan Pinnock,jm JAM,DF,Brentford,31-330,1993,21.3,1348,294,783,457,109,24,1348,9,3,33.3,6,66.7,633,3117,1633,3,4,0,2,4,760,9,Matches
412,Daniel Podence,pt POR,"MF,FW",Wolves,29-185,1995,0.5,20,0,2,11,7,0,20,2,2,100.0,0,0.0,13,77,43,1,1,0,0,0,17,3,Matches
413,Alfie Pond,eng ENG,DF,Wolves,21-054,2004,0.0,1,0,0,1,0,0,1,0,0,,0,,1,2,2,0,0,0,0,0,1,0,Matches
414,Nick Pope,eng ENG,GK,Newcastle Utd,33-005,1992,23.0,733,586,723,10,0,0,733,0,0,,0,,381,2121,1431,0,0,0,0,1,257,0,Matches
415,Pedro Porro,es ESP,DF,Tottenham,25-223,1999,27.4,2131,124,623,772,749,30,2131,39,13,33.3,24,61.5,1132,5141,2677,63,40,5,23,17,1229,106,Matches
416,Jarell Quansah,eng ENG,DF,Liverpool,22-085,2003,3.5,272,36,134,113,25,5,272,2,1,50.0,1,50.0,165,922,483,2,3,1,4,2,190,4,Matches
417,Hákon Rafn Valdimarsson,is ISL,GK,Brentford,23-193,2001,1.6,72,60,71,1,0,0,72,0,0,,0,,44,191,80,0,0,0,0,0,36,0,Matches
418,Aaron Ramsdale,eng ENG,GK,Southampton,26-345,1998,25.0,1111,803,1094,20,0,0,1111,0,0,,0,,687,3509,2044,0,0,0,2,0,621,0,Matches
419,Jacob Ramsey,eng ENG,"FW,MF",Aston Villa,23-331,2001,16.5,712,12,134,252,338,66,712,42,24,57.1,10,23.8,466,3131,1598,57,31,19,39,21,542,103,Matches
420,Marcus Rashford,eng ENG,"FW,MF",Manchester Utd,27-175,1997,10.9,440,3,35,189,222,34,440,39,9,23.1,26,66.7,293,1694,728,20,19,12,14,6,341,79,Matches
421,Marcus Rashford,eng ENG,FW,Aston Villa,27-175,1997,4.9,227,2,14,58,159,30,226,22,9,40.9,13,59.1,127,892,471,22,10,15,8,1,149,42,Matches
422,David Raya,es ESP,GK,Arsenal,29-221,1995,34.0,1322,772,1242,80,0,0,1322,1,1,100.0,0,0.0,820,4100,2470,0,0,0,1,0,755,0,Matches
423,Harrison Reed,eng ENG,MF,Fulham,30-087,1995,1.0,77,2,11,28,39,5,77,2,0,0.0,1,50.0,31,95,27,1,1,0,2,2,38,7,Matches
424,Remy Rees-Dottin,eng ENG,FW,Bournemouth,19-049,2006,0.0,0,0,0,0,0,0,0,0,0,,0,,0,0,0,0,0,0,0,0,0,0,Matches
425,Sergio Reguilón,es ESP,DF,Tottenham,28-129,1996,1.4,121,2,28,61,33,3,121,4,2,50.0,0,0.0,64,293,180,4,2,1,1,1,74,10,Matches
Rk,Player,Nation,Pos,Squad,Age,Born,90s,Touches,Def Pen,Def 3rd,Mid 3rd,Att 3rd,Att Pen,Live,Att,Succ,Succ%,Tkld,Tkld%,Carries,TotDist,PrgDist,PrgC,1/3,CPA,Mis,Dis,Rec,PrgR,Matches
426,Bobby Reid,jm JAM,FW,Leicester City,32-081,1993,7.8,261,14,47,108,106,15,261,9,0,0.0,7,77.8,165,752,351,13,4,5,11,10,181,44,Matches
427,Vitor Reis,br BRA,DF,Manchester City,19-102,2006,0.0,3,1,2,1,0,0,3,1,1,100.0,0,0.0,2,3,0,0,0,0,0,0,2,0,Matches
428,Chadi Riad,ma MAR,DF,Crystal Palace,21-311,2003,1.0,90,5,41,49,1,0,90,0,0,,0,,58,318,232,2,0,0,1,0,69,0,Matches
429,Declan Rice,eng ENG,MF,Arsenal,26-100,1999,28.6,1806,71,294,846,683,74,1806,26,11,42.3,14,53.8,960,6057,3225,87,54,16,36,29,1182,88,Matches
430,Chris Richards,us USA,DF,Crystal Palace,25-027,2000,17.4,935,111,513,371,56,15,935,6,1,16.7,5,83.3,433,1947,850,5,5,0,5,5,525,1,Matches
431,Richarlison,br BRA,FW,Tottenham,27-349,1997,4.3,142,8,19,67,57,25,142,13,1,7.7,11,84.6,69,342,141,8,8,3,7,7,98,18,Matches
432,Andrew Robertson,sct SCO,DF,Liverpool,31-044,1994,24.6,1877,85,475,856,559,47,1877,18,7,38.9,10,55.6,998,4423,2541,57,48,6,24,10,1255,90,Matches
433,Antonee Robinson,us USA,DF,Fulham,27-259,1997,32.2,2339,121,741,893,739,65,2339,75,33,44.0,31,41.3,1252,6834,3937,110,59,29,40,18,1402,257,Matches
434,Jay Robinson,eng ENG,MF,Southampton,18-040,2007,0.0,6,0,2,1,4,0,6,2,1,50.0,1,50.0,2,22,17,1,1,0,0,0,2,0,Matches
435,Rodri,es ESP,MF,Manchester City,28-306,1996,0.7,65,1,12,30,24,0,65,1,0,0.0,0,0.0,34,125,42,0,2,0,0,0,49,1,Matches
436,Guido Rodríguez,ar ARG,MF,West Ham,31-012,1994,11.3,617,42,196,366,56,2,617,3,2,66.7,0,0.0,284,988,392,2,5,0,2,6,354,5,Matches
437,Mads Roerslev,dk DEN,DF,Brentford,25-304,1999,12.2,645,49,234,268,146,20,645,19,7,36.8,8,42.1,352,1630,858,17,13,0,9,6,407,54,Matches
438,Morgan Rogers,eng ENG,"FW,MF",Aston Villa,22-272,2002,30.7,1229,36,182,535,537,133,1229,145,60,41.4,66,45.5,718,5083,2908,102,62,32,102,67,866,171,Matches
439,Cristian Romero,ar ARG,DF,Tottenham,26-362,1998,15.7,1377,157,594,720,74,23,1377,4,1,25.0,2,50.0,896,4702,2893,12,18,0,10,5,936,3,Matches
440,Georginio Rutter,fr FRA,"MF,FW",Brighton,23-004,2002,18.4,641,20,83,246,326,79,641,71,27,38.0,34,47.9,361,2467,1405,42,36,16,45,37,411,79,Matches
441,José Sá,pt POR,GK,Wolves,32-097,1993,25.0,829,658,821,9,0,0,829,6,6,100.0,0,0.0,509,3070,1964,0,0,0,1,0,402,0,Matches
442,Bukayo Saka,eng ENG,"FW,MF",Arsenal,23-231,2001,16.2,840,6,46,180,621,139,839,83,37,44.6,34,41.0,535,3611,2067,79,27,43,28,37,610,222,Matches
443,Mohamed Salah,eg EGY,FW,Liverpool,32-313,1992,32.5,1481,10,87,446,967,310,1472,120,54,45.0,63,52.5,1012,6150,3209,138,54,110,102,60,1236,407,Matches
444,William Saliba,fr FRA,DF,Arsenal,24-031,2001,31.3,2657,174,1036,1495,141,18,2657,18,12,66.7,5,27.8,1640,7178,3911,16,17,1,17,7,2011,6,Matches
445,Robert Sánchez,es ESP,GK,Chelsea,27-157,1997,27.0,1128,827,1117,11,0,0,1128,0,0,,0,,759,3692,2346,0,0,0,0,0,711,0,Matches
446,Jadon Sancho,eng ENG,FW,Chelsea,25-030,2000,18.4,913,11,113,267,543,116,913,94,44,46.8,38,40.4,617,4227,2329,95,32,55,29,21,714,214,Matches
447,Ibrahim Sangaré,ci CIV,MF,Nott'ham Forest,27-143,1997,3.1,193,8,44,123,28,7,193,1,0,0.0,1,100.0,75,297,83,0,2,0,4,1,101,2,Matches
448,Pablo Sarabia,es ESP,"MF,FW",Wolves,32-348,1992,7.5,427,4,50,208,172,22,427,11,6,54.5,3,27.3,253,1145,566,12,13,0,15,11,296,49,Matches
449,Jeremy Sarmiento,ec ECU,MF,Brighton,22-312,2002,0.1,8,0,0,6,2,0,8,0,0,,0,,6,61,10,0,0,0,1,0,7,2,Matches
450,Ismaila Sarr,sn SEN,"MF,FW",Crystal Palace,27-058,1998,26.6,954,39,156,367,441,118,954,51,15,29.4,27,52.9,525,3291,1853,67,42,26,61,41,650,164,Matches
Rk,Player,Nation,Pos,Squad,Age,Born,90s,Touches,Def Pen,Def 3rd,Mid 3rd,Att 3rd,Att Pen,Live,Att,Succ,Succ%,Tkld,Tkld%,Carries,TotDist,PrgDist,PrgC,1/3,CPA,Mis,Dis,Rec,PrgR,Matches
451,Sávio,br BRA,"FW,MF",Manchester City,21-014,2004,19.3,1071,14,55,281,754,149,1071,111,51,45.9,39,35.1,766,6326,3494,133,44,73,42,37,834,239,Matches
452,Oliver Scarles,eng ENG,DF,West Ham,19-133,2005,6.6,420,27,140,166,118,7,420,6,1,16.7,5,83.3,190,770,445,11,9,1,10,3,243,39,Matches
453,Dane Scarlett,eng ENG,"FW,MF",Tottenham,21-031,2004,0.4,9,1,3,5,1,1,9,0,0,,0,,5,66,33,1,0,0,0,1,4,1,Matches
454,Kevin Schade,de GER,FW,Brentford,23-148,2001,21.5,757,37,124,209,439,121,757,75,26,34.7,43,57.3,382,2730,1236,54,26,33,48,33,468,139,Matches
455,Fabian Schär,ch SUI,DF,Newcastle Utd,33-125,1991,27.7,1952,233,1038,809,116,30,1952,12,8,66.7,2,16.7,1231,5524,3109,14,21,2,11,6,1356,17,Matches
456,Jeffrey Schlupp,gh GHA,"MF,DF",Crystal Palace,32-122,1992,1.1,79,2,9,31,41,6,79,1,1,100.0,0,0.0,30,150,67,4,1,1,7,0,41,9,Matches
457,Alex Scott,eng ENG,MF,Bournemouth,21-246,2003,6.8,402,18,71,219,117,16,402,24,5,20.8,12,50.0,219,1161,530,12,6,1,20,8,247,31,Matches
458,Matz Sels,be BEL,GK,Nott'ham Forest,33-057,1992,33.0,969,741,955,14,0,0,969,0,0,,0,,469,2731,1436,0,0,0,0,0,375,0,Matches
459,Nélson Semedo,pt POR,DF,Wolves,31-159,1993,27.6,1471,113,424,668,397,23,1471,60,26,43.3,26,43.3,752,4380,2257,61,36,9,35,18,837,103,Matches
460,Antoine Semenyo,gh GHA,FW,Bournemouth,25-107,2000,31.4,1448,41,174,504,802,174,1448,122,64,52.5,49,40.2,875,6678,3299,132,64,64,75,69,1012,258,Matches
461,Marcos Senesi,ar ARG,DF,Bournemouth,27-349,1997,11.2,778,64,345,375,67,12,778,9,5,55.6,4,44.4,482,2497,1464,12,14,0,5,5,492,5,Matches
462,Ryan Sessegnon,eng ENG,"FW,DF",Fulham,24-341,2000,3.6,150,6,33,57,65,28,150,12,4,33.3,7,58.3,75,524,266,9,6,7,13,6,85,26,Matches
463,Luke Shaw,eng ENG,DF,Manchester Utd,29-286,1995,0.9,122,3,50,65,7,0,122,0,0,,0,,97,372,157,1,2,0,1,0,104,0,Matches
464,Zain Silcott-Duberry,ms MSR,FW,Bournemouth,19-289,2005,0.0,3,0,1,0,2,0,3,0,0,,0,,1,6,6,0,0,0,0,0,2,0,Matches
465,Bernardo Silva,pt POR,"MF,FW",Manchester City,30-257,1994,25.7,1705,42,298,675,749,127,1705,55,25,45.5,23,41.8,1068,6863,3501,92,59,30,21,31,1261,180,Matches
466,Jota Silva,pt POR,"FW,MF",Nott'ham Forest,25-266,1999,9.2,338,19,81,95,173,44,338,32,10,31.3,14,43.8,166,1063,569,19,11,8,24,11,193,54,Matches
467,Eric da Silva Moreira,de GER,"MF,DF",Nott'ham Forest,18-356,2006,0.3,13,3,7,4,2,0,13,1,0,0.0,1,100.0,4,26,11,1,0,0,1,0,3,1,Matches
468,Jahmai Simpson-Pusey,eng ENG,DF,Manchester City,19-171,2005,1.1,123,9,61,59,3,1,123,1,0,0.0,0,0.0,79,376,190,1,0,0,1,0,101,0,Matches
469,Luis Sinisterra,co COL,"FW,MF",Bournemouth,25-311,1999,2.6,155,7,18,41,96,23,155,20,8,40.0,10,50.0,95,744,393,19,6,10,6,3,102,38,Matches
470,Oliver Skipp,eng ENG,MF,Leicester City,24-220,2000,9.6,465,22,106,290,73,7,465,10,5,50.0,5,50.0,270,1098,535,15,7,3,11,5,319,18,Matches
471,William Smallbone,ie IRL,MF,Southampton,25-062,2000,6.8,378,15,74,186,122,14,378,5,4,80.0,1,20.0,169,707,356,5,8,1,9,5,228,21,Matches
472,Adam Smith,eng ENG,DF,Bournemouth,33-360,1991,14.7,671,34,205,316,154,6,671,15,6,40.0,6,40.0,293,1246,577,12,15,0,10,6,320,31,Matches
473,Emile Smith Rowe,eng ENG,MF,Fulham,24-270,2000,20.3,1090,20,149,518,433,52,1090,33,16,48.5,15,45.5,710,3466,1819,50,38,11,31,13,838,109,Matches
474,Dominic Solanke,eng ENG,FW,Tottenham,27-222,1997,22.8,623,31,67,285,277,108,623,50,16,32.0,31,62.0,369,2013,797,29,20,14,65,45,438,87,Matches
475,Carlos Soler,es ESP,"MF,FW",West Ham,28-112,1997,15.0,738,26,172,384,187,22,738,18,8,44.4,9,50.0,338,1678,714,16,16,4,11,14,502,33,Matches
Rk,Player,Nation,Pos,Squad,Age,Born,90s,Touches,Def Pen,Def 3rd,Mid 3rd,Att 3rd,Att Pen,Live,Att,Succ,Succ%,Tkld,Tkld%,Carries,TotDist,PrgDist,PrgC,1/3,CPA,Mis,Dis,Rec,PrgR,Matches
476,Julio Soler,ar ARG,FW,Bournemouth,20-067,2005,0.0,4,0,2,1,1,0,4,0,0,,0,,2,2,2,0,0,0,1,0,3,0,Matches
477,Ramón Sosa,py PAR,"FW,MF",Nott'ham Forest,25-236,1999,2.9,137,5,32,40,70,13,137,11,8,72.7,3,27.3,68,574,320,12,7,5,5,5,74,15,Matches
478,Tomáš Souček,cz CZE,MF,West Ham,30-056,1995,24.0,1074,106,295,528,255,93,1074,11,6,54.5,5,45.5,414,1240,439,6,10,3,16,10,644,58,Matches
479,Boubakary Soumaré,fr FRA,MF,Leicester City,26-056,1999,21.2,1293,60,339,817,150,17,1293,42,26,61.9,12,28.6,772,3583,1851,31,16,3,20,21,906,21,Matches
480,Djed Spence,eng ENG,DF,Tottenham,24-258,2000,15.8,1186,63,395,542,268,24,1186,66,34,51.5,25,37.9,687,4175,2244,52,39,7,24,24,755,67,Matches
481,Jay Stansfield,eng ENG,MF,Fulham,22-151,2002,0.0,0,0,0,0,0,0,0,0,0,,0,,0,0,0,0,0,0,0,0,0,0,Matches
482,Jason Steele,eng ENG,GK,Brighton,34-249,1990,2.0,114,107,114,0,0,0,114,0,0,,0,,91,361,151,0,0,0,0,0,83,0,Matches
483,Jack Stephens,eng ENG,DF,Southampton,31-087,1994,11.9,899,96,369,446,88,10,899,4,0,0.0,4,100.0,505,2316,1086,13,11,1,1,3,640,2,Matches
484,Raheem Sterling,eng ENG,"FW,MF",Arsenal,30-137,1994,4.8,241,2,8,51,185,35,241,23,9,39.1,8,34.8,172,1258,681,25,9,15,11,14,183,71,Matches
485,Ross Stewart,sct SCO,"FW,MF",Southampton,28-287,1996,2.0,72,5,16,32,24,2,72,2,1,50.0,1,50.0,40,171,60,1,0,0,1,6,55,5,Matches
486,Jakub Stolarczyk,pl POL,GK,Leicester City,24-126,2000,6.0,241,179,236,6,0,0,241,0,0,,0,,130,592,396,0,0,0,1,0,131,0,Matches
487,John Stones,eng ENG,"DF,MF",Manchester City,30-331,1994,6.1,442,40,142,234,68,4,442,2,2,100.0,0,0.0,292,2146,1183,10,14,0,2,0,333,2,Matches
488,Jørgen Strand Larsen,no NOR,FW,Wolves,25-077,2000,26.5,669,33,81,317,272,98,669,17,7,41.2,10,58.8,318,1103,438,15,13,8,87,32,484,99,Matches
489,Yukinari Sugawara,jp JPN,"DF,MF",Southampton,24-300,2000,16.3,1023,61,306,395,327,29,1023,20,9,45.0,10,50.0,553,2517,1354,32,15,7,18,4,692,76,Matches
490,Kamaldeen Sulemana,gh GHA,"FW,MF",Southampton,23-068,2002,11.6,460,12,59,170,248,45,460,86,31,36.0,48,55.8,302,2636,1333,53,34,20,36,21,325,69,Matches
491,Crysencio Summerville,nl NED,"FW,MF",West Ham,23-176,2001,8.7,372,9,47,147,181,38,372,39,13,33.3,18,46.2,207,1463,762,29,15,13,20,16,259,71,Matches
492,Sammie Szmodics,ie IRL,"FW,MF",Ipswich Town,29-212,1995,10.9,309,17,80,119,116,33,309,12,4,33.3,6,50.0,174,989,399,16,8,7,24,17,189,46,Matches
493,Dominik Szoboszlai,hu HUN,MF,Liverpool,24-181,2000,24.3,1408,23,180,684,562,92,1408,35,19,54.3,13,37.1,721,3660,2030,64,45,17,34,20,961,118,Matches
494,Matt Targett,eng ENG,DF,Newcastle Utd,29-218,1995,0.2,17,0,3,8,6,0,17,0,0,,0,,4,12,6,0,0,0,0,0,12,1,Matches
495,James Tarkowski,eng ENG,DF,Everton,32-156,1992,32.5,1706,355,974,635,106,57,1706,7,5,71.4,2,28.6,727,3610,1943,9,10,0,13,7,927,3,Matches
496,Marcus Tavernier,eng ENG,"FW,MF",Bournemouth,26-033,1999,17.3,942,18,104,354,504,49,942,47,20,42.6,24,51.1,534,3260,1525,37,35,7,36,42,601,103,Matches
497,Charlie Taylor,eng ENG,DF,Southampton,31-218,1993,3.0,219,21,93,91,36,1,219,2,2,100.0,0,0.0,91,386,155,3,3,0,1,1,133,6,Matches
498,Jack Taylor,ie IRL,MF,Ipswich Town,26-305,1998,6.7,404,23,111,219,85,8,404,9,4,44.4,3,33.3,206,1203,671,11,9,1,9,6,263,18,Matches
499,Mathys Tel,fr FRA,FW,Tottenham,19-362,2005,5.5,240,1,23,86,137,26,239,25,5,20.0,17,68.0,166,942,458,14,13,5,14,8,176,45,Matches
500,Kenny Tete,nl NED,DF,Fulham,29-197,1995,15.0,919,55,297,386,243,29,919,17,8,47.1,4,23.5,475,2355,1158,33,17,7,16,10,525,40,Matches
Rk,Player,Nation,Pos,Squad,Age,Born,90s,Touches,Def Pen,Def 3rd,Mid 3rd,Att 3rd,Att Pen,Live,Att,Succ,Succ%,Tkld,Tkld%,Carries,TotDist,PrgDist,PrgC,1/3,CPA,Mis,Dis,Rec,PrgR,Matches
501,Thiago,br BRA,FW,Brentford,23-302,2001,1.5,56,6,11,23,23,2,56,3,2,66.7,1,33.3,34,119,42,3,2,1,5,1,35,4,Matches
502,Luke Thomas,eng ENG,DF,Leicester City,23-318,2001,7.7,516,37,198,248,73,5,516,5,2,40.0,3,60.0,246,923,395,2,2,1,9,1,282,9,Matches
503,Youri Tielemans,be BEL,MF,Aston Villa,27-352,1997,32.4,2296,97,460,1324,537,41,2295,57,30,52.6,18,31.6,1242,5361,2466,37,26,9,30,28,1610,44,Matches
504,Kieran Tierney,sct SCO,"DF,FW",Arsenal,27-323,1997,2.0,132,4,19,46,67,4,132,3,1,33.3,1,33.3,58,231,125,5,3,1,1,0,90,22,Matches
505,Jurriën Timber,nl NED,DF,Arsenal,23-311,2001,26.9,1661,51,304,859,505,66,1661,53,24,45.3,24,45.3,887,3912,2076,57,27,11,33,24,1051,104,Matches
506,Jean-Clair Todibo,fr FRA,DF,West Ham,25-115,1999,15.5,985,137,561,398,34,9,985,13,7,53.8,6,46.2,566,2524,1320,9,5,0,9,7,674,4,Matches
507,Harry Toffolo,eng ENG,DF,Nott'ham Forest,29-248,1995,1.5,88,9,32,22,34,2,88,0,0,,0,,17,57,23,0,0,0,0,0,30,4,Matches
508,Takehiro Tomiyasu,jp JPN,DF,Arsenal,26-170,1998,0.1,7,1,4,1,2,1,7,0,0,,0,,1,7,5,0,0,0,0,0,2,0,Matches
509,Sandro Tonali,it ITA,MF,Newcastle Utd,24-351,2000,24.2,1469,60,340,827,326,37,1469,31,18,58.1,10,32.3,797,4361,1854,32,31,5,23,23,1012,43,Matches
510,Pau Torres,es ESP,DF,Aston Villa,28-098,1997,19.2,1293,209,626,595,78,15,1293,17,15,88.2,2,11.8,803,5353,3503,33,20,0,3,3,923,4,Matches
511,Conor Townsend,eng ENG,DF,Ipswich Town,32-051,1993,3.7,172,28,87,50,38,5,172,0,0,,0,,53,278,136,2,2,0,2,2,75,13,Matches
512,Adama Traoré,es ESP,"FW,MF",Fulham,29-089,1996,16.9,701,2,71,254,396,83,701,85,42,49.4,32,37.6,468,3883,2119,81,40,32,30,19,532,139,Matches
513,Boubacar Traoré,ml MLI,MF,Wolves,23-247,2001,0.0,2,0,0,2,0,0,2,0,0,,0,,0,0,0,0,0,0,0,0,0,0,Matches
514,Mark Travers,ie IRL,GK,Bournemouth,25-341,1999,5.0,162,144,159,3,0,0,162,0,0,,0,,85,426,188,0,0,0,0,0,68,0,Matches
515,Ryan Trevitt,eng ENG,MF,Brentford,22-043,2003,0.0,7,1,2,4,1,0,7,0,0,,0,,4,7,2,0,0,0,0,0,4,1,Matches
516,Kieran Trippier,eng ENG,DF,Newcastle Utd,34-217,1990,12.2,1111,42,331,495,293,10,1111,7,4,57.1,3,42.9,499,1913,1035,21,11,3,9,7,672,39,Matches
517,Leandro Trossard,be BEL,FW,Arsenal,30-141,1994,25.2,1117,15,117,350,666,137,1117,69,29,42.0,31,44.9,709,4300,1870,70,47,27,53,42,836,202,Matches
518,Kostas Tsimikas,gr GRE,DF,Liverpool,28-347,1996,7.4,607,24,136,280,195,11,607,8,4,50.0,2,25.0,298,1262,671,15,5,2,4,4,382,38,Matches
519,Axel Tuanzebe,cd COD,DF,Ipswich Town,27-161,1997,16.1,789,89,343,347,105,6,789,10,4,40.0,6,60.0,338,1505,724,9,6,1,11,1,407,8,Matches
520,Destiny Udogie,it ITA,DF,Tottenham,22-147,2002,19.4,1287,57,353,572,376,48,1287,30,12,40.0,15,50.0,714,4005,2187,51,38,11,31,19,778,92,Matches
521,Manuel Ugarte Ribeiro,uy URU,MF,Manchester Utd,24-013,2001,17.7,1010,40,297,558,173,14,1010,31,17,54.8,10,32.3,573,2362,1015,10,10,1,29,24,623,19,Matches
522,Lesley Ugochukwu,fr FRA,MF,Southampton,21-029,2004,15.1,749,40,174,428,153,22,749,25,17,68.0,7,28.0,409,2191,1014,24,12,6,9,9,509,19,Matches
523,Enes Ünal,tr TUR,"FW,MF",Bournemouth,27-349,1997,3.8,172,6,14,63,95,26,172,12,1,8.3,10,83.3,91,261,95,4,3,1,17,13,133,22,Matches
524,Virgil van Dijk,nl NED,DF,Liverpool,33-290,1991,33.0,2915,383,1152,1624,147,44,2915,5,3,60.0,2,40.0,1640,7894,4329,18,20,3,8,5,1996,6,Matches
525,Jamie Vardy,eng ENG,FW,Leicester City,38-103,1987,27.6,520,26,52,241,232,99,519,20,9,45.0,10,50.0,248,1304,620,27,11,14,32,12,337,104,Matches
Rk,Player,Nation,Pos,Squad,Age,Born,90s,Touches,Def Pen,Def 3rd,Mid 3rd,Att 3rd,Att Pen,Live,Att,Succ,Succ%,Tkld,Tkld%,Carries,TotDist,PrgDist,PrgC,1/3,CPA,Mis,Dis,Rec,PrgR,Matches
526,Renato Veiga,pt POR,"DF,MF",Chelsea,21-269,2003,2.0,167,2,61,82,27,3,167,5,3,60.0,2,40.0,85,417,144,4,5,1,1,0,110,3,Matches
527,Joël Veltman,nl NED,DF,Brighton,33-099,1992,18.3,1097,64,327,540,240,10,1097,15,4,26.7,5,33.3,524,2780,1414,29,22,3,19,7,598,32,Matches
528,Micky van de Ven,nl NED,DF,Tottenham,24-005,2001,10.6,862,101,442,393,36,9,862,8,4,50.0,4,50.0,599,2790,1388,8,10,1,5,4,629,1,Matches
529,Bart Verbruggen,nl NED,GK,Brighton,22-249,2002,31.0,1226,973,1213,13,0,0,1226,2,2,100.0,0,0.0,830,3069,1548,0,1,1,2,0,789,0,Matches
530,Jannik Vestergaard,dk DEN,DF,Leicester City,32-264,1992,15.5,1092,196,572,497,28,10,1092,4,4,100.0,0,0.0,672,2932,1458,3,3,0,2,0,757,2,Matches
531,Guglielmo Vicario,it ITA,GK,Tottenham,28-199,1996,21.0,805,535,787,18,0,0,805,1,1,100.0,0,0.0,577,2679,1533,0,0,0,0,0,520,0,Matches
532,Carlos Vinícius,br BRA,"FW,MF",Fulham,30-030,1995,0.1,4,0,0,1,3,2,4,1,1,100.0,0,0.0,5,18,9,1,0,1,0,0,4,2,Matches
533,Kyle Walker,eng ENG,DF,Manchester City,34-331,1990,10.8,892,26,197,473,228,5,892,6,3,50.0,2,33.3,499,2284,1106,12,13,0,9,2,630,11,Matches
534,Kyle Walker-Peters,eng ENG,DF,Southampton,28-011,1997,30.4,1918,140,579,835,519,57,1918,82,32,39.0,37,45.1,1193,7516,4166,110,68,23,30,35,1355,132,Matches
535,Christian Walton,eng ENG,GK,Ipswich Town,29-166,1995,6.0,242,224,241,1,0,0,242,0,0,,0,,122,572,305,0,0,0,0,0,117,0,Matches
536,Aaron Wan-Bissaka,eng ENG,DF,West Ham,27-149,1997,30.0,1900,134,610,808,509,38,1900,95,51,53.7,33,34.7,887,5707,3193,93,54,12,28,20,1090,131,Matches
537,Danny Ward,wls WAL,GK,Leicester City,31-306,1993,1.5,55,40,55,0,0,0,55,1,0,0.0,1,100.0,44,176,107,0,0,0,0,0,35,0,Matches
538,Joel Ward,eng ENG,DF,Crystal Palace,35-177,1989,0.0,2,0,0,2,0,0,2,0,0,,0,,0,0,0,0,0,0,0,0,0,0,Matches
539,James Ward-Prowse,eng ENG,MF,West Ham,30-174,1994,8.4,615,28,141,368,106,5,615,4,2,50.0,2,50.0,285,1398,613,9,12,0,3,5,421,3,Matches
540,James Ward-Prowse,eng ENG,MF,Nott'ham Forest,30-174,1994,4.4,205,13,49,115,45,1,205,0,0,,0,,92,407,170,1,3,0,3,3,115,3,Matches
541,Ollie Watkins,eng ENG,FW,Aston Villa,29-115,1995,25.1,620,17,46,223,360,153,618,38,9,23.7,25,65.8,363,1997,1022,50,21,35,51,44,486,143,Matches
542,Adam Webster,eng ENG,DF,Brighton,30-110,1995,6.9,569,84,279,271,22,8,569,3,1,33.3,2,66.7,326,1927,1142,7,2,0,3,1,384,2,Matches
543,Danny Welbeck,eng ENG,FW,Brighton,34-149,1990,19.6,597,13,45,256,300,86,597,35,12,34.3,20,57.1,356,1666,716,18,20,6,42,23,439,77,Matches
544,Welington,br BRA,"DF,MF",Southampton,24-064,2001,2.4,131,11,46,48,40,2,131,4,3,75.0,0,0.0,47,200,116,3,3,1,6,0,55,10,Matches
545,Timo Werner,de GER,"FW,MF",Tottenham,29-049,1996,5.7,298,8,24,78,203,33,298,19,10,52.6,8,42.1,215,1768,1062,42,24,18,14,6,227,89,Matches
546,Adam Wharton,eng ENG,MF,Crystal Palace,20-326,2004,14.0,827,27,196,439,199,10,827,10,2,20.0,8,80.0,412,1927,1019,14,22,2,14,13,510,10,Matches
547,Ben White,eng ENG,DF,Arsenal,27-198,1997,9.5,585,44,167,263,159,19,585,3,0,0.0,2,66.7,279,1040,559,10,10,3,8,4,359,27,Matches
548,Mats Wieffer,nl NED,"MF,DF",Brighton,25-159,1999,6.7,546,28,132,309,112,13,546,9,4,44.4,5,55.6,309,1328,522,6,8,1,11,8,350,10,Matches
549,Neco Williams,wls WAL,DF,Nott'ham Forest,24-011,2001,23.8,1231,136,450,437,359,35,1231,39,15,38.5,17,43.6,492,3065,1685,54,26,14,23,15,570,81,Matches
550,Willian,br BRA,"MF,FW",Fulham,36-258,1988,1.8,146,1,16,53,81,4,146,4,0,0.0,3,75.0,93,640,337,5,5,2,3,1,115,17,Matches
Rk,Player,Nation,Pos,Squad,Age,Born,90s,Touches,Def Pen,Def 3rd,Mid 3rd,Att 3rd,Att Pen,Live,Att,Succ,Succ%,Tkld,Tkld%,Carries,TotDist,PrgDist,PrgC,1/3,CPA,Mis,Dis,Rec,PrgR,Matches
551,Joe Willock,eng ENG,"MF,FW",Newcastle Utd,25-247,1999,9.9,433,12,67,183,191,37,433,31,11,35.5,14,45.2,265,1805,828,31,22,11,31,22,300,68,Matches
552,Callum Wilson,eng ENG,FW,Newcastle Utd,33-056,1992,2.8,67,1,5,40,25,13,67,5,1,20.0,2,40.0,33,201,92,5,4,4,9,7,38,9,Matches
553,Harry Wilson,wls WAL,"FW,MF",Fulham,28-033,1997,9.5,441,7,60,161,228,44,441,23,9,39.1,9,39.1,266,1397,612,16,17,8,13,4,297,71,Matches
554,Harry Winks,eng ENG,MF,Leicester City,29-081,1996,17.1,1158,49,275,746,151,1,1158,12,3,25.0,8,66.7,696,3268,1522,19,13,0,13,8,827,11,Matches
555,Ben Winterburn,eng ENG,"FW,MF",Bournemouth,20-232,2004,0.3,9,0,2,5,2,1,9,0,0,,0,,6,50,40,2,0,1,0,0,6,2,Matches
556,Yoane Wissa,cd COD,FW,Brentford,28-233,1996,27.4,801,29,124,325,365,138,801,43,12,27.9,22,51.2,472,2867,1345,48,20,26,62,27,569,131,Matches
557,Chris Wood,nz NZL,FW,Nott'ham Forest,33-138,1991,27.9,637,32,76,307,256,79,634,11,4,36.4,6,54.5,316,1121,430,13,9,5,63,23,472,74,Matches
558,Nathan Wood-Gordon,eng ENG,DF,Southampton,22-328,2002,6.9,457,54,219,212,27,2,457,5,3,60.0,1,20.0,253,1150,454,2,6,0,4,1,339,0,Matches
559,Luke Woolfenden,eng ENG,DF,Ipswich Town,26-185,1998,11.2,608,126,345,254,9,3,608,0,0,,0,,331,1900,1111,7,3,0,4,0,389,0,Matches
560,Yehor Yarmoliuk,ua UKR,MF,Brentford,21-054,2004,11.5,703,45,195,359,164,14,703,20,9,45.0,9,45.0,365,1929,605,12,14,2,23,16,434,42,Matches
561,Ryan Yates,eng ENG,MF,Nott'ham Forest,27-154,1997,19.7,948,74,253,463,242,38,948,18,9,50.0,5,27.8,380,1856,850,17,18,1,23,18,490,12,Matches
562,Leny Yoro,fr FRA,DF,Manchester Utd,19-162,2005,10.9,764,70,355,359,52,10,764,3,1,33.3,2,66.7,527,2638,1446,17,10,1,2,2,563,4,Matches
563,Ashley Young,eng ENG,"DF,FW",Everton,39-289,1985,17.6,1015,51,311,433,276,9,1015,14,5,35.7,7,50.0,397,2047,1176,19,24,1,8,1,513,25,Matches
564,Illia Zabarnyi,ua UKR,DF,Bournemouth,22-235,2002,29.6,1772,207,825,901,65,11,1772,8,5,62.5,2,25.0,1106,7165,4285,24,20,0,14,3,1109,4,Matches
565,Oleksandr Zinchenko,ua UKR,"DF,MF",Arsenal,28-130,1996,5.0,396,13,74,200,123,18,396,3,2,66.7,0,0.0,227,1119,492,10,5,3,3,4,277,12,Matches
566,Joshua Zirkzee,nl NED,"FW,MF",Manchester Utd,23-337,2001,15.6,587,16,71,303,219,56,587,35,11,31.4,24,68.6,327,1483,523,14,21,4,41,30,418,69,Matches
567,Martin Ødegaard,no NOR,MF,Arsenal,26-128,1998,22.7,1493,6,98,625,784,103,1492,54,22,40.7,30,55.6,1032,6480,3279,79,72,23,27,38,1188,142,Matches
