Rk,Player,Nation,Pos,Squad,Age,Born,90s,CrdY,CrdR,2CrdY,Fls,Fld,Off,Crs,Int,TklW,PKwon,PKcon,OG,Recov,Won,Lost,Won%,Matches
1,Max Aarons,eng ENG,DF,Bournemouth,25-110,2000,1.0,0,0,0,0,2,0,2,1,2,0,0,0,7,0,0,,Matches
2,Joshua Acheampong,eng ENG,DF,Chelsea,18-354,2006,1.9,1,0,0,0,1,0,0,1,1,0,0,0,7,1,6,14.3,Matches
3,Tyler Adams,us USA,MF,Bournemouth,26-069,1999,17.0,6,0,0,40,18,0,3,29,45,0,1,0,91,29,15,65.9,Matches
4,Tosin Adarabioyo,eng ENG,DF,Chelsea,27-212,1997,13.7,3,0,0,8,6,1,0,10,10,0,0,0,34,36,26,58.1,Matches
5,Simon Adingra,ci CIV,"FW,MF",Brighton,23-113,2002,9.2,0,0,0,9,2,2,32,7,9,0,0,0,36,4,2,66.7,Matches
6,Emmanuel Agbadou,ci CIV,DF,Wolves,27-311,1997,10.7,2,0,0,5,4,1,1,9,15,0,0,0,55,20,14,58.8,Matches
7,Asher Agbinone,eng ENG,MF,Crystal Palace,19-208,2005,0.1,0,0,0,0,0,0,1,0,1,0,0,0,0,0,1,0.0,Matches
8,Ola Aina,ng NGA,DF,Nott'ham Forest,28-198,1996,28.5,2,0,0,21,32,2,42,30,40,0,1,0,160,12,18,40.0,Matches
9,Rayan Aït-Nouri,dz ALG,DF,Wolves,23-322,2001,30.0,7,1,1,28,34,5,76,22,50,0,0,0,130,18,26,40.9,Matches
10,Kristoffer Ajer,no NOR,DF,Brentford,27-007,1998,15.4,4,0,0,11,6,1,14,12,16,0,0,0,41,27,22,55.1,Matches
11,Manuel Akanji,ch SUI,DF,Manchester City,29-279,1995,19.0,3,0,0,16,9,0,11,7,10,0,0,0,86,24,29,45.3,Matches
12,Nathan Aké,nl NED,DF,Manchester City,30-065,1995,7.5,0,0,0,2,0,0,1,3,7,0,0,0,24,13,10,56.5,Matches
13,Carlos Alcaraz,ar ARG,MF,Southampton,22-145,2002,0.1,0,0,0,1,0,0,1,1,0,0,0,0,2,1,0,100.0,Matches
14,Carlos Alcaraz,ar ARG,"FW,MF",Everton,22-145,2002,5.0,3,0,0,9,6,1,8,3,5,0,0,0,20,10,5,66.7,Matches
15,Trent Alexander-Arnold,eng ENG,DF,Liverpool,26-199,1998,24.1,5,0,0,9,7,1,142,30,48,0,0,0,122,3,12,20.0,Matches
16,Alisson,br BRA,GK,Liverpool,32-204,1992,22.9,0,0,0,0,2,0,0,0,0,0,0,0,41,6,0,100.0,Matches
17,Miguel Almirón,py PAR,FW,Newcastle Utd,31-073,1994,1.7,0,0,0,1,3,2,0,0,2,0,0,0,4,0,2,0.0,Matches
18,Edson Álvarez,mx MEX,MF,West Ham,27-182,1997,18.1,8,1,1,37,18,4,6,16,23,0,0,0,78,28,20,58.3,Matches
19,Will Alves,eng ENG,FW,Leicester City,20-080,2005,0.0,0,0,0,0,0,0,0,0,0,0,0,0,0,0,0,,Matches
20,Harry Amass,eng ENG,DF,Manchester Utd,18-039,2007,1.8,0,0,0,2,3,1,4,1,1,0,0,0,10,5,1,83.3,Matches
21,Samuel Amo-Ameyaw,eng ENG,"FW,DF",Southampton,18-280,2006,0.3,1,0,0,1,2,0,2,0,0,0,0,0,1,0,1,0.0,Matches
22,Mathis Amougou,fr FRA,MF,Chelsea,19-096,2006,0.1,0,0,0,0,0,0,0,0,0,0,0,0,2,0,0,,Matches
23,Joachim Andersen,dk DEN,DF,Crystal Palace,28-328,1996,1.0,1,0,0,2,0,0,1,0,1,0,0,0,7,2,0,100.0,Matches
24,Joachim Andersen,dk DEN,DF,Fulham,28-328,1996,23.7,5,1,0,15,15,0,8,30,17,0,0,1,98,53,34,60.9,Matches
25,Elliot Anderson,eng ENG,MF,Nott'ham Forest,22-169,2002,25.7,6,0,0,37,54,4,70,26,50,0,0,0,177,42,21,66.7,Matches
Rk,Player,Nation,Pos,Squad,Age,Born,90s,CrdY,CrdR,2CrdY,Fls,Fld,Off,Crs,Int,TklW,PKwon,PKcon,OG,Recov,Won,Lost,Won%,Matches
26,André,br BRA,MF,Wolves,23-282,2001,23.2,7,0,0,34,32,0,0,29,42,0,1,0,166,2,6,25.0,Matches
27,Michail Antonio,jm JAM,FW,West Ham,35-027,1990,9.3,1,0,0,12,7,4,25,0,2,0,0,0,22,17,22,43.6,Matches
28,Antony,br BRA,"DF,MF",Manchester Utd,25-059,2000,1.6,0,0,0,2,5,0,5,2,3,0,0,0,11,0,1,0.0,Matches
29,Julian Araujo,mx MEX,DF,Bournemouth,23-254,2001,4.0,1,0,0,4,1,0,5,4,3,0,0,0,26,2,6,25.0,Matches
30,Cameron Archer,eng ENG,FW,Southampton,23-277,2001,14.8,0,0,0,16,12,7,3,2,7,0,0,0,33,8,27,22.9,Matches
31,Alphonse Areola,fr FRA,GK,West Ham,32-056,1993,21.1,0,0,0,0,0,0,0,0,2,0,0,1,26,2,0,100.0,Matches
32,Joe Aribo,ng NGA,"MF,DF",Southampton,28-277,1996,21.2,1,0,0,20,28,1,10,20,30,0,1,0,110,25,21,54.3,Matches
33,Adam Armstrong,eng ENG,"FW,MF",Southampton,28-073,1997,13.9,4,0,0,12,5,9,14,3,3,0,0,0,23,5,9,35.7,Matches
34,Harrison Armstrong,eng ENG,MF,Everton,18-095,2007,0.5,1,0,0,2,2,0,1,0,0,0,0,0,2,0,2,0.0,Matches
35,Kepa Arrizabalaga,es ESP,GK,Bournemouth,30-203,1994,26.0,3,0,0,2,5,0,0,0,0,0,2,0,46,6,1,85.7,Matches
36,Marco Asensio,es ESP,"MF,FW",Aston Villa,29-093,1996,5.3,1,0,0,8,6,2,22,1,5,0,0,0,20,0,1,0.0,Matches
37,Brandon Austin,eng ENG,GK,Tottenham,26-106,1999,1.0,0,0,0,0,2,0,0,0,0,0,0,0,1,2,0,100.0,Matches
38,Taiwo Awoniyi,ng NGA,FW,Nott'ham Forest,27-255,1997,4.2,0,0,0,8,10,1,2,0,3,0,0,0,17,12,33,26.7,Matches
39,Yasin Ayari,se SWE,MF,Brighton,21-200,2003,18.3,3,0,0,31,22,3,61,19,28,0,0,0,104,13,18,41.9,Matches
40,Jordan Ayew,gh GHA,"FW,MF",Crystal Palace,33-225,1991,0.2,1,0,0,1,0,0,1,0,0,0,0,0,1,1,1,50.0,Matches
41,Jordan Ayew,gh GHA,"FW,MF",Leicester City,33-225,1991,14.6,5,0,0,27,43,5,47,12,13,0,0,0,81,33,53,38.4,Matches
42,Benoît Badiashile,fr FRA,DF,Chelsea,24-029,2001,3.7,0,0,0,6,2,0,0,6,6,0,0,0,18,8,2,80.0,Matches
43,Leon Bailey,jm JAM,"FW,MF",Aston Villa,27-258,1997,12.6,3,0,0,12,18,3,34,3,4,1,0,0,59,6,9,40.0,Matches
44,Carlos Baleba,cm CMR,MF,Brighton,21-111,2004,24.7,8,1,1,37,42,0,8,39,37,0,2,0,163,37,21,63.8,Matches
45,Ross Barkley,eng ENG,MF,Aston Villa,31-140,1993,6.3,3,0,0,8,3,0,1,10,3,0,0,0,40,6,4,60.0,Matches
46,Harvey Barnes,eng ENG,FW,Newcastle Utd,27-136,1997,14.9,0,0,0,10,18,4,32,6,9,0,0,0,44,5,13,27.8,Matches
47,Calvin Bassey,ng NGA,DF,Fulham,25-114,1999,30.2,6,0,0,22,30,2,5,18,32,0,0,0,148,38,30,55.9,Matches
48,Altay Bayındır,tr TUR,GK,Manchester Utd,27-010,1998,1.0,0,0,0,0,0,0,0,0,0,0,0,0,0,1,1,50.0,Matches
49,Jan Bednarek,pl POL,DF,Southampton,29-012,1996,25.1,7,0,0,30,11,0,1,52,18,0,1,0,100,66,33,66.7,Matches
50,Armel Bella Kotchap,de GER,DF,Southampton,23-134,2001,3.7,0,0,0,3,2,0,0,5,5,0,0,0,19,6,5,54.5,Matches
Rk,Player,Nation,Pos,Squad,Age,Born,90s,CrdY,CrdR,2CrdY,Fls,Fld,Off,Crs,Int,TklW,PKwon,PKcon,OG,Recov,Won,Lost,Won%,Matches
51,Jean-Ricner Bellegarde,fr FRA,"MF,FW",Wolves,26-301,1998,16.4,3,0,0,29,39,1,37,10,18,0,0,0,55,8,18,30.8,Matches
52,Rodrigo Bentancur,uy URU,MF,Tottenham,27-303,1997,16.9,7,0,0,31,10,1,4,36,20,0,0,0,111,35,27,56.5,Matches
53,Daniel Bentley,eng ENG,GK,Wolves,31-285,1993,1.0,0,0,0,0,0,0,0,0,0,0,0,0,1,2,0,100.0,Matches
54,Sander Berge,no NOR,MF,Fulham,27-069,1998,21.9,4,0,0,26,8,0,3,20,28,0,0,0,116,25,19,56.8,Matches
55,Lucas Bergvall,se SWE,MF,Tottenham,19-081,2006,12.5,3,0,0,20,14,0,18,22,19,0,0,0,71,8,8,50.0,Matches
56,Victor Bernth Kristiansen,dk DEN,DF,Leicester City,22-129,2002,26.4,1,0,0,17,17,3,96,40,50,0,1,1,97,19,42,31.1,Matches
57,Beto,gw GNB,FW,Everton,27-083,1998,12.5,2,0,0,28,16,14,3,3,6,0,0,0,29,72,83,46.5,Matches
58,Philip Billing,dk DEN,MF,Bournemouth,28-317,1996,2.0,1,0,0,3,2,0,10,5,5,0,0,0,14,6,4,60.0,Matches
59,Yves Bissouma,ml MLI,MF,Tottenham,28-237,1996,13.4,7,0,0,22,18,0,2,14,28,0,1,0,71,4,7,36.4,Matches
60,Oscar Bobb,no NOR,FW,Manchester City,21-286,2003,0.2,0,0,0,0,1,0,0,0,0,0,0,0,1,0,0,,Matches
61,Lamare Bogarde,nl NED,"DF,MF",Aston Villa,21-109,2004,5.3,2,0,0,8,11,0,0,1,6,0,0,0,13,6,6,50.0,Matches
62,Willy Boly,ci CIV,DF,Nott'ham Forest,34-080,1991,1.7,1,0,0,1,0,0,0,3,1,0,0,0,5,6,2,75.0,Matches
63,Sven Botman,nl NED,DF,Newcastle Utd,25-102,2000,2.5,1,0,0,4,2,0,0,4,3,0,0,0,8,9,5,64.3,Matches
64,Jarrod Bowen,eng ENG,"FW,MF",West Ham,28-125,1996,28.2,1,0,0,17,46,8,95,16,23,0,0,0,117,9,41,18.0,Matches
65,Conor Bradley,nir NIR,DF,Liverpool,21-289,2003,5.9,3,0,0,8,10,0,5,3,8,0,0,0,34,7,6,53.8,Matches
66,Jarrad Branthwaite,eng ENG,DF,Everton,22-301,2002,24.1,4,0,0,8,14,1,2,23,18,0,0,0,77,48,34,58.5,Matches
67,James Bree,eng ENG,DF,Southampton,27-195,1997,9.9,0,0,0,2,4,0,24,8,10,0,0,0,56,12,4,75.0,Matches
68,Ben Brereton,cl CHI,FW,Southampton,26-006,1999,5.0,1,0,0,4,8,1,5,0,2,0,0,0,16,9,7,56.3,Matches
69,Nathan Broadhead,wls WAL,"MF,FW",Ipswich Town,27-019,1998,6.7,1,0,0,4,13,2,9,4,3,0,0,0,30,1,9,10.0,Matches
70,Armando Broja,al ALB,FW,Everton,23-226,2001,3.7,1,0,0,6,4,3,1,1,1,0,0,0,9,18,21,46.2,Matches
71,David Brooks,wls WAL,"FW,MF",Bournemouth,27-290,1997,9.1,3,0,0,8,15,0,44,5,4,0,0,0,44,7,9,43.8,Matches
72,Emi Buendía,ar ARG,"MF,FW",Aston Villa,28-120,1996,1.1,1,0,0,4,6,0,0,0,6,0,0,0,8,0,2,0.0,Matches
73,Santiago Bueno,uy URU,DF,Wolves,26-166,1998,18.6,2,0,0,26,5,0,0,15,20,0,0,0,43,34,31,52.3,Matches
74,Facundo Buonanotte,ar ARG,"FW,MF",Leicester City,20-122,2004,15.9,7,0,0,33,32,3,41,10,28,0,0,0,75,16,33,32.7,Matches
75,Cameron Burgess,au AUS,DF,Ipswich Town,29-185,1995,14.1,0,0,0,4,4,1,0,13,8,0,0,0,35,38,19,66.7,Matches
Rk,Player,Nation,Pos,Squad,Age,Born,90s,CrdY,CrdR,2CrdY,Fls,Fld,Off,Crs,Int,TklW,PKwon,PKcon,OG,Recov,Won,Lost,Won%,Matches
76,Dan Burn,eng ENG,DF,Newcastle Utd,32-350,1992,32.0,9,0,0,27,11,4,2,25,18,0,0,2,87,122,61,66.7,Matches
77,Wes Burns,wls WAL,"FW,DF",Ipswich Town,30-152,1994,10.3,1,0,0,4,11,0,46,10,11,0,0,0,50,8,21,27.6,Matches
78,Nathan Butler-Oyedeji,eng ENG,FW,Arsenal,22-110,2003,0.1,0,0,0,0,0,0,0,0,0,0,0,0,0,0,0,,Matches
79,Moisés Caicedo,ec ECU,MF,Chelsea,23-173,2001,32.2,10,0,0,60,54,0,8,43,61,1,1,0,192,29,15,65.9,Matches
80,Tom Cairney,sct SCO,MF,Fulham,34-094,1991,5.4,3,1,0,8,17,0,16,4,5,0,0,0,43,4,7,36.4,Matches
81,Jens Cajuste,se SWE,MF,Ipswich Town,25-257,1999,19.7,2,0,0,21,21,0,9,25,19,0,0,0,98,12,20,37.5,Matches
82,Riccardo Calafiori,it ITA,DF,Arsenal,22-340,2002,10.3,4,0,0,16,6,3,11,9,18,0,0,0,30,22,13,62.9,Matches
83,Dominic Calvert-Lewin,eng ENG,FW,Everton,28-039,1997,17.5,2,0,0,27,22,27,6,6,7,0,0,0,32,83,79,51.2,Matches
84,Diego Carlos,br BRA,DF,Aston Villa,32-040,1993,9.2,1,0,0,11,1,1,0,5,3,0,0,0,36,11,10,52.4,Matches
85,Fabio Carvalho,pt POR,"FW,MF",Brentford,22-237,2002,5.1,1,0,0,5,10,1,10,3,9,0,0,0,30,2,6,25.0,Matches
86,Casemiro,br BRA,MF,Manchester Utd,33-060,1992,14.1,3,0,0,15,18,3,19,12,43,0,0,0,82,28,17,62.2,Matches
87,Kaelan Casey,eng ENG,DF,West Ham,20-178,2004,0.0,0,0,0,0,0,0,0,0,0,0,0,0,0,1,0,100.0,Matches
88,Matty Cash,pl POL,DF,Aston Villa,27-260,1997,19.0,6,0,0,24,15,1,30,21,26,0,2,0,61,17,19,47.2,Matches
89,Eiran Cashin,ie IRL,DF,Brighton,23-166,2001,0.2,0,0,0,0,0,0,1,0,0,0,0,0,1,2,1,66.7,Matches
90,Timothy Castagne,be BEL,DF,Fulham,29-140,1995,18.1,1,0,0,15,6,1,37,22,29,0,1,0,55,34,35,49.3,Matches
91,Trevoh Chalobah,eng ENG,DF,Crystal Palace,25-293,1999,11.8,1,0,0,10,15,1,7,19,16,0,0,0,56,22,19,53.7,Matches
92,Trevoh Chalobah,eng ENG,DF,Chelsea,25-293,1999,7.3,1,0,0,6,5,0,3,7,2,0,0,0,22,21,9,70.0,Matches
93,Conor Chaplin,eng ENG,"MF,FW",Ipswich Town,28-067,1997,6.9,1,0,0,10,5,0,9,3,5,0,0,0,23,2,8,20.0,Matches
94,Youssef Chermiti,pt POR,"FW,MF",Everton,20-335,2004,0.2,1,0,0,1,0,0,0,0,0,0,0,0,0,1,1,50.0,Matches
95,Federico Chiesa,it ITA,FW,Liverpool,27-181,1997,0.4,0,0,0,2,1,0,2,0,0,0,0,0,4,0,0,,Matches
96,Ben Chilwell,eng ENG,DF,Crystal Palace,28-124,1996,1.5,1,0,0,2,2,2,3,4,4,0,0,0,12,3,3,50.0,Matches
97,Chiquinho,pt POR,MF,Wolves,25-078,2000,0.1,0,0,0,1,0,0,1,0,0,0,0,0,1,0,0,,Matches
98,Hamza Choudhury,bd BAN,"MF,DF",Leicester City,27-205,1997,1.5,0,0,0,1,0,0,5,5,1,0,0,0,2,0,0,,Matches
99,Ryan Christie,sct SCO,MF,Bournemouth,30-061,1995,23.5,9,0,0,43,31,1,48,30,33,0,0,0,182,20,28,41.7,Matches
100,Harry Clarke,eng ENG,DF,Ipswich Town,24-053,2001,4.2,3,1,1,5,1,0,5,4,3,0,1,0,17,10,4,71.4,Matches
Rk,Player,Nation,Pos,Squad,Age,Born,90s,CrdY,CrdR,2CrdY,Fls,Fld,Off,Crs,Int,TklW,PKwon,PKcon,OG,Recov,Won,Lost,Won%,Matches
101,Jack Clarke,eng ENG,"FW,MF",Ipswich Town,24-152,2000,11.0,2,0,0,14,19,3,13,7,17,0,0,0,64,6,14,30.0,Matches
102,Nathaniel Clyne,eng ENG,"DF,MF",Crystal Palace,34-019,1991,5.4,1,0,0,2,2,0,7,3,8,0,0,0,10,1,7,12.5,Matches
103,Conor Coady,eng ENG,DF,Leicester City,32-058,1993,14.0,2,0,0,5,2,1,0,11,8,0,2,0,44,12,16,42.9,Matches
104,Séamus Coleman,ie IRL,DF,Everton,36-195,1988,2.2,1,0,0,0,1,0,3,1,1,0,0,0,7,1,1,50.0,Matches
105,Nathan Collins,ie IRL,DF,Brentford,23-359,2001,33.0,5,0,0,24,25,6,7,31,20,2,0,0,145,103,57,64.4,Matches
106,Toby Collyer,eng ENG,MF,Manchester Utd,21-111,2004,2.0,0,0,0,2,4,0,0,2,9,0,0,0,17,3,1,75.0,Matches
107,Levi Colwill,eng ENG,DF,Chelsea,22-057,2003,30.0,8,0,0,39,18,4,13,31,25,0,1,0,103,74,49,60.2,Matches
108,Lewis Cook,eng ENG,"MF,DF",Bournemouth,28-080,1997,30.1,8,0,0,46,10,3,125,40,41,0,1,0,178,40,34,54.1,Matches
109,Maxwel Cornet,ci CIV,FW,Southampton,28-209,1996,0.8,1,0,0,0,1,1,3,0,5,0,0,0,2,3,0,100.0,Matches
110,Vladimír Coufal,cz CZE,DF,West Ham,32-245,1992,9.6,4,0,0,20,14,0,19,8,11,0,0,1,27,18,12,60.0,Matches
111,Woyo Coulibaly,fr FRA,DF,Leicester City,25-339,1999,1.2,1,0,0,2,1,0,0,5,4,0,0,0,14,0,3,0.0,Matches
112,Aaron Cresswell,eng ENG,DF,West Ham,35-130,1989,6.5,2,0,0,3,1,0,27,6,4,0,0,0,21,7,6,53.8,Matches
113,Marc Cucurella,es ESP,DF,Chelsea,26-276,1998,28.2,10,1,1,32,31,3,29,22,36,0,0,0,110,29,51,36.3,Matches
114,Jorge Cuenca,es ESP,DF,Fulham,25-158,1999,2.9,0,0,0,2,2,0,1,2,2,0,0,0,9,6,3,66.7,Matches
115,Matheus Cunha,br BRA,"MF,FW",Wolves,25-332,1999,25.0,3,0,0,39,63,8,118,16,20,0,0,0,116,10,27,27.0,Matches
116,Patson Daka,zm ZAM,"FW,MF",Leicester City,26-197,1998,7.2,0,0,0,11,16,3,3,1,9,0,0,0,17,10,27,27.0,Matches
117,Diogo Dalot,pt POR,DF,Manchester Utd,26-037,1999,31.0,5,0,0,40,9,4,65,37,39,0,1,0,164,38,21,64.4,Matches
118,Mikkel Damsgaard,dk DEN,"MF,FW",Brentford,24-295,2000,27.7,2,0,0,15,26,6,118,25,40,0,0,0,152,12,25,32.4,Matches
119,Danilo,br BRA,"MF,FW",Nott'ham Forest,23-360,2001,3.0,0,0,0,1,0,0,3,3,3,0,0,0,18,1,1,50.0,Matches
120,Jayden Danns,eng ENG,MF,Liverpool,19-098,2006,0.1,0,0,0,0,0,0,0,0,0,0,0,0,0,0,0,,Matches
121,Kevin Danso,at AUT,DF,Tottenham,26-217,1998,4.4,0,0,0,4,5,0,1,2,4,0,0,0,14,9,7,56.3,Matches
122,Ben Davies,wls WAL,DF,Tottenham,32-000,1993,10.5,3,0,0,11,4,0,4,10,9,0,0,0,31,41,33,55.4,Matches
123,Leif Davis,eng ENG,DF,Ipswich Town,25-102,2000,28.5,5,1,0,25,30,3,148,25,26,0,2,0,111,33,22,60.0,Matches
124,Craig Dawson,eng ENG,DF,Wolves,34-353,1990,10.8,2,0,0,6,5,2,0,9,3,0,0,2,35,21,11,65.6,Matches
125,Kevin De Bruyne,be BEL,"MF,FW",Manchester City,33-300,1991,16.2,2,0,0,14,16,5,115,7,8,0,0,0,53,4,14,22.2,Matches
Rk,Player,Nation,Pos,Squad,Age,Born,90s,CrdY,CrdR,2CrdY,Fls,Fld,Off,Crs,Int,TklW,PKwon,PKcon,OG,Recov,Won,Lost,Won%,Matches
126,Liam Delap,eng ENG,FW,Ipswich Town,22-075,2003,26.2,8,0,0,64,46,13,5,2,7,2,0,0,57,50,62,44.6,Matches
127,Sepp van den Berg,nl NED,DF,Brentford,23-125,2001,23.7,2,0,0,19,5,1,7,19,22,1,0,0,79,79,62,56.0,Matches
128,Justin Devenny,nir NIR,MF,Crystal Palace,21-195,2003,4.8,1,0,0,7,0,1,17,0,9,0,0,0,21,1,13,7.1,Matches
129,Kiernan Dewsbury-Hall,eng ENG,"MF,FW",Chelsea,26-230,1998,2.9,0,0,0,4,6,0,2,1,5,0,0,0,8,0,1,0.0,Matches
130,Amad Diallo,ci CIV,"FW,MF",Manchester Utd,22-287,2002,17.7,3,0,0,19,23,9,38,11,26,1,0,0,93,9,15,37.5,Matches
131,Rúben Dias,pt POR,DF,Manchester City,27-345,1997,21.2,4,0,0,11,8,0,3,18,9,0,1,1,65,30,29,50.8,Matches
132,Luis Díaz,co COL,FW,Liverpool,28-101,1997,23.9,2,0,0,46,29,10,29,7,21,2,0,0,96,12,33,26.7,Matches
133,Tyler Dibling,eng ENG,"FW,MF",Southampton,19-043,2006,18.7,6,0,0,28,48,1,27,7,20,2,0,0,70,9,20,31.0,Matches
134,Lucas Digne,fr FRA,DF,Aston Villa,31-278,1993,24.9,4,0,0,20,14,7,138,25,36,0,0,0,98,34,26,56.7,Matches
135,Issa Diop,fr FRA,DF,Fulham,28-105,1997,14.9,2,0,0,10,4,0,1,9,12,0,0,1,45,20,12,62.5,Matches
136,Axel Disasi,fr FRA,DF,Aston Villa,27-044,1998,5.4,2,0,0,3,2,2,1,5,5,0,0,0,15,8,6,57.1,Matches
137,Axel Disasi,fr FRA,DF,Chelsea,27-044,1998,4.0,1,0,0,2,0,0,0,2,4,0,0,0,15,5,2,71.4,Matches
138,Roman Dixon,eng ENG,DF,Everton,20-119,2004,1.0,0,0,0,0,0,0,0,1,5,0,0,0,6,0,3,0.0,Matches
139,Nasser Djiga,bf BFA,"DF,FW",Wolves,22-160,2002,0.2,0,0,0,0,0,0,0,2,0,0,0,0,1,1,1,50.0,Matches
140,Matt Doherty,ie IRL,DF,Wolves,33-098,1992,20.2,6,0,0,17,11,2,18,21,19,0,0,1,91,46,19,70.8,Matches
141,Jeremy Doku,be BEL,"FW,MF",Manchester City,22-332,2002,14.5,1,0,0,7,30,5,48,4,19,0,0,0,52,0,10,0.0,Matches
142,Nicolás Domínguez,ar ARG,"MF,FW",Nott'ham Forest,26-300,1998,18.0,8,0,0,29,15,1,2,26,40,0,0,0,99,20,19,51.3,Matches
143,Patrick Dorgu,dk DEN,DF,Manchester Utd,20-180,2004,5.5,2,1,0,10,15,3,23,1,15,0,0,0,24,10,4,71.4,Matches
144,Alfie Dorrington,eng ENG,DF,Tottenham,20-004,2005,0.2,0,0,0,0,0,0,0,0,0,0,0,0,3,0,0,,Matches
145,Abdoulaye Doucouré,ml MLI,MF,Everton,32-113,1993,25.9,5,1,1,46,5,9,22,9,25,0,0,0,134,29,40,42.0,Matches
146,Cheick Doucouré,ml MLI,MF,Crystal Palace,25-106,2000,5.0,1,0,0,7,7,0,1,11,8,0,0,0,31,5,5,50.0,Matches
147,Flynn Downes,eng ENG,MF,Southampton,26-094,1999,18.9,10,0,0,44,31,0,3,30,22,0,0,0,69,11,12,47.8,Matches
148,Tommy Doyle,eng ENG,MF,Wolves,23-189,2001,5.4,1,0,0,5,5,0,15,5,6,0,0,0,43,1,6,14.3,Matches
149,Radu Drăgușin,ro ROU,DF,Tottenham,23-080,2002,13.9,1,0,0,6,10,0,1,15,6,0,0,0,48,33,22,60.0,Matches
150,Martin Dúbravka,sk SVK,GK,Newcastle Utd,36-099,1989,10.0,0,0,0,0,1,0,0,0,0,0,0,0,18,4,0,100.0,Matches
Rk,Player,Nation,Pos,Squad,Age,Born,90s,CrdY,CrdR,2CrdY,Fls,Fld,Off,Crs,Int,TklW,PKwon,PKcon,OG,Recov,Won,Lost,Won%,Matches
151,Lewis Dunk,eng ENG,DF,Brighton,33-154,1991,21.1,5,0,0,7,8,2,4,12,9,0,0,1,99,47,28,62.7,Matches
152,Jáder Durán,co COL,FW,Aston Villa,21-132,2003,7.1,3,1,0,14,15,5,3,0,7,0,0,0,19,19,19,50.0,Matches
153,Ederson,br BRA,GK,Manchester City,31-250,1993,21.8,3,0,0,1,0,0,0,1,0,0,1,0,37,4,1,80.0,Matches
154,George Edmundson,eng ENG,DF,Ipswich Town,27-236,1997,0.0,0,0,0,0,0,0,0,0,0,0,0,0,0,0,0,,Matches
155,Odsonne Édouard,fr FRA,"MF,FW",Crystal Palace,27-098,1998,1.3,0,0,0,4,0,2,1,0,0,0,0,0,5,1,4,20.0,Matches
156,Odsonne Édouard,fr FRA,FW,Leicester City,27-098,1998,0.3,0,0,0,2,0,0,0,0,1,0,0,0,1,1,1,50.0,Matches
157,Samuel Edozie,eng ENG,"DF,FW",Southampton,22-086,2003,0.7,1,0,0,2,1,0,4,0,1,0,0,0,1,0,0,,Matches
158,Ronnie Edwards,eng ENG,DF,Southampton,22-027,2003,0.1,0,0,0,0,0,0,0,0,0,0,0,0,0,0,0,,Matches
159,Anthony Elanga,se SWE,FW,Nott'ham Forest,22-362,2002,22.8,1,0,0,7,32,13,142,5,12,0,0,0,79,22,33,40.0,Matches
160,Harvey Elliott,eng ENG,"MF,FW",Liverpool,22-020,2003,2.0,0,0,0,0,0,1,10,1,2,0,0,0,10,1,1,50.0,Matches
161,Yunus Emre Konak,tr TUR,"FW,MF",Brentford,19-104,2006,0.4,0,0,0,3,1,0,0,0,4,0,0,0,2,4,4,50.0,Matches
162,Julio Enciso,py PAR,"MF,FW",Ipswich Town,21-091,2004,6.1,3,0,0,5,11,0,8,1,7,0,0,0,32,6,14,30.0,Matches
163,Julio Enciso,py PAR,"MF,FW",Brighton,21-091,2004,3.3,0,0,0,3,7,0,20,0,0,0,0,0,15,6,5,54.5,Matches
164,Wataru Endo,jp JPN,MF,Liverpool,32-074,1993,1.7,0,0,0,12,6,0,0,3,6,0,0,0,7,1,3,25.0,Matches
165,Christian Eriksen,dk DEN,MF,Manchester Utd,33-069,1992,11.0,4,0,0,8,3,0,74,7,9,0,0,0,59,2,5,28.6,Matches
166,Romain Esse,eng ENG,MF,Crystal Palace,19-346,2005,0.4,0,0,0,0,0,0,0,1,2,0,0,0,1,1,0,100.0,Matches
167,Pervis Estupiñán,ec ECU,DF,Brighton,27-093,1998,22.7,5,0,0,32,16,3,103,30,34,0,0,0,128,39,25,60.9,Matches
168,Evanilson,br BRA,FW,Bournemouth,25-200,1999,21.1,0,0,0,28,40,16,0,0,9,5,0,0,55,38,55,40.9,Matches
169,Jake Evans,,FW,Leicester City,,,0.0,0,0,0,0,0,0,0,0,0,0,0,0,0,0,0,,Matches
170,Jonny Evans,nir NIR,DF,Manchester Utd,37-111,1988,3.2,1,0,0,5,6,0,0,4,5,0,0,0,15,8,3,72.7,Matches
171,Eberechi Eze,eng ENG,"MF,FW",Crystal Palace,26-299,1998,26.0,1,0,0,11,46,9,100,11,22,0,0,0,128,6,36,14.3,Matches
172,Łukasz Fabiański,pl POL,GK,West Ham,40-006,1985,11.9,2,0,0,2,1,0,0,0,0,0,2,0,5,2,1,66.7,Matches
173,Wout Faes,be BEL,DF,Leicester City,27-021,1998,26.3,3,0,0,20,9,1,5,26,23,0,0,0,80,40,31,56.3,Matches
174,Abdul Fatawu Issahaku,gh GHA,FW,Leicester City,21-047,2004,6.4,0,0,0,11,20,2,30,4,15,0,0,0,38,14,13,51.9,Matches
175,João Félix,pt POR,"FW,MF",Chelsea,25-165,1999,4.1,2,0,0,6,17,1,0,3,3,0,0,0,22,4,5,44.4,Matches
Rk,Player,Nation,Pos,Squad,Age,Born,90s,CrdY,CrdR,2CrdY,Fls,Fld,Off,Crs,Int,TklW,PKwon,PKcon,OG,Recov,Won,Lost,Won%,Matches
176,Evan Ferguson,ie IRL,FW,West Ham,20-187,2004,1.6,0,0,0,1,2,0,0,1,0,0,0,0,8,5,8,38.5,Matches
177,Evan Ferguson,ie IRL,FW,Brighton,20-187,2004,2.7,0,0,0,3,1,0,0,0,3,0,0,0,10,4,9,30.8,Matches
178,Bruno Fernandes,pt POR,MF,Manchester Utd,30-228,1994,29.6,4,2,1,26,37,2,164,25,44,0,0,0,187,20,27,42.6,Matches
179,Mateus Fernandes,pt POR,MF,Southampton,20-288,2004,27.8,8,0,0,40,48,3,102,19,43,0,0,0,155,13,9,59.1,Matches
180,Enzo Fernández,ar ARG,MF,Chelsea,24-097,2001,27.8,7,0,0,45,44,1,100,11,29,0,0,0,134,13,27,32.5,Matches
181,Mark Flekken,nl NED,GK,Brentford,31-315,1993,31.4,1,0,0,0,3,0,0,0,4,0,0,0,35,4,0,100.0,Matches
182,Phil Foden,eng ENG,"MF,FW",Manchester City,24-331,2000,18.7,2,0,0,5,31,3,73,9,5,0,0,0,58,3,8,27.3,Matches
183,Wesley Fofana,fr FRA,DF,Chelsea,24-128,2000,13.0,7,0,0,24,16,0,1,14,12,0,0,0,54,27,12,69.2,Matches
184,Carlos Forbs,pt POR,"MF,FW",Wolves,21-036,2004,2.6,2,0,0,2,1,0,9,1,5,0,0,0,11,1,3,25.0,Matches
185,Fraser Forster,eng ENG,GK,Tottenham,37-038,1988,7.0,0,0,0,0,0,0,0,0,0,0,0,0,1,1,0,100.0,Matches
186,Matheus França,br BRA,"FW,MF",Crystal Palace,21-023,2004,0.3,0,0,0,0,0,0,1,0,0,0,0,0,2,0,0,,Matches
187,Ryan Fraser,sct SCO,"FW,DF",Southampton,31-059,1994,3.4,0,1,0,1,4,1,12,1,2,0,1,0,10,2,3,40.0,Matches
188,Tyler Fredricson,eng ENG,DF,Manchester Utd,20-060,2005,1.0,0,0,0,0,2,0,0,1,2,0,0,0,6,5,2,71.4,Matches
189,Niclas Füllkrug,de GER,FW,West Ham,32-074,1993,6.0,2,0,0,14,4,5,1,0,2,0,0,0,9,25,35,41.7,Matches
190,Cody Gakpo,nl NED,FW,Liverpool,25-352,1999,17.3,4,0,0,16,20,5,61,9,12,1,0,0,58,15,21,41.7,Matches
191,Idrissa Gana Gueye,sn SEN,MF,Everton,35-210,1989,29.1,8,0,0,48,39,0,6,40,70,0,0,0,170,22,15,59.5,Matches
192,Andrés García,es ESP,"DF,MF",Aston Villa,22-076,2003,3.5,0,0,0,1,0,0,18,2,5,0,0,0,15,0,6,0.0,Matches
193,Alejandro Garnacho,ar ARG,"MF,FW",Manchester Utd,20-297,2004,21.8,2,0,0,10,38,9,47,11,18,0,0,0,102,3,23,11.5,Matches
194,James Garner,eng ENG,"MF,DF",Everton,24-042,2001,12.7,3,0,0,16,12,0,48,16,22,0,0,0,58,10,8,55.6,Matches
195,Tyrique George,eng ENG,FW,Chelsea,19-079,2006,1.1,1,0,0,2,0,1,3,1,0,0,0,0,2,0,3,0.0,Matches
196,Morgan Gibbs-White,eng ENG,MF,Nott'ham Forest,25-087,2000,26.4,9,1,1,32,35,7,36,17,18,1,0,0,113,36,46,43.9,Matches
197,Billy Gilmour,sct SCO,MF,Brighton,23-317,2001,1.1,0,0,0,2,3,0,1,0,3,0,0,0,5,0,0,,Matches
198,Ben Godfrey,eng ENG,DF,Ipswich Town,27-099,1998,1.2,1,0,0,1,0,0,0,2,0,0,0,0,2,2,0,100.0,Matches
199,Martial Godo,eng ENG,FW,Fulham,22-041,2003,0.2,0,0,0,0,0,0,1,1,0,0,0,0,0,0,1,0.0,Matches
200,João Gomes,br BRA,MF,Wolves,24-071,2001,28.9,10,1,1,64,36,1,26,25,56,0,0,0,168,9,23,28.1,Matches
Rk,Player,Nation,Pos,Squad,Age,Born,90s,CrdY,CrdR,2CrdY,Fls,Fld,Off,Crs,Int,TklW,PKwon,PKcon,OG,Recov,Won,Lost,Won%,Matches
201,Rodrigo Gomes,pt POR,"DF,FW",Wolves,21-291,2003,7.0,0,0,0,2,5,0,19,5,12,0,0,0,24,6,15,28.6,Matches
202,Toti Gomes,pt POR,DF,Wolves,26-098,1999,24.0,5,0,0,21,13,4,12,22,36,0,1,0,89,41,21,66.1,Matches
203,Diego Gómez,py PAR,MF,Brighton,22-028,2003,4.8,0,0,0,7,2,1,9,7,10,0,0,0,29,7,3,70.0,Matches
204,Joe Gomez,eng ENG,DF,Liverpool,27-336,1997,5.8,1,0,0,2,3,0,2,7,10,0,0,0,34,9,4,69.2,Matches
205,Nicolás González,es ESP,MF,Manchester City,23-111,2002,7.2,3,0,0,11,4,0,0,4,6,0,0,0,31,15,11,57.7,Matches
206,Anthony Gordon,eng ENG,FW,Newcastle Utd,24-059,2001,24.2,2,0,0,19,62,7,119,6,17,1,0,0,91,5,7,41.7,Matches
207,Ryan Gravenberch,nl NED,MF,Liverpool,22-343,2002,31.5,5,0,0,40,46,0,6,56,32,0,0,0,174,25,13,65.8,Matches
208,Archie Gray,eng ENG,"DF,MF",Tottenham,19-043,2006,15.0,0,0,0,9,11,0,12,10,6,0,0,1,56,9,8,52.9,Matches
209,Jack Grealish,eng ENG,"FW,MF",Manchester City,29-226,1995,8.0,3,0,0,5,25,0,20,2,5,0,0,0,26,1,7,12.5,Matches
210,Jacob Greaves,eng ENG,DF,Ipswich Town,24-224,2000,19.5,4,0,0,9,16,1,0,18,13,0,0,0,43,54,38,58.7,Matches
211,Brajan Gruda,de GER,"FW,MF",Brighton,20-328,2004,5.5,0,0,0,6,9,1,17,2,5,0,0,0,18,3,4,42.9,Matches
212,Albert Grønbaek,dk DEN,"FW,MF",Southampton,23-336,2001,1.6,0,0,0,0,1,0,1,0,1,0,0,0,6,2,0,100.0,Matches
213,Gonçalo Guedes,pt POR,"MF,FW",Wolves,28-146,1996,8.6,1,0,0,14,15,3,16,5,4,0,0,0,34,3,10,23.1,Matches
214,Marc Guéhi,eng ENG,DF,Crystal Palace,24-285,2000,32.0,9,1,1,22,26,1,13,25,31,0,0,3,135,66,50,56.9,Matches
215,Luis Guilherme,br BRA,"MF,FW",West Ham,19-074,2006,1.5,0,0,0,0,4,0,8,3,0,0,0,0,7,2,1,66.7,Matches
216,Bruno Guimarães,br BRA,MF,Newcastle Utd,27-159,1997,31.4,6,0,0,53,98,2,21,27,41,0,0,0,156,16,15,51.6,Matches
217,Marc Guiu,es ESP,FW,Chelsea,19-110,2006,0.8,0,0,0,0,0,0,0,0,1,0,0,0,2,0,1,0.0,Matches
218,İlkay Gündoğan,de GER,MF,Manchester City,34-182,1990,21.9,1,0,0,14,21,0,57,13,13,0,0,0,104,13,11,54.2,Matches
219,Malo Gusto,fr FRA,DF,Chelsea,21-340,2003,20.2,4,0,0,20,18,2,51,23,28,0,0,0,114,8,15,34.8,Matches
220,Joško Gvardiol,hr CRO,DF,Manchester City,23-091,2002,32.4,2,0,0,13,21,2,19,36,34,0,0,0,130,48,33,59.3,Matches
221,Erling Haaland,no NOR,FW,Manchester City,24-277,2000,27.6,2,0,0,22,12,4,3,5,5,0,0,0,29,49,45,52.1,Matches
222,Lewis Hall,eng ENG,DF,Newcastle Utd,20-228,2004,24.3,3,0,0,9,21,1,110,18,41,0,0,0,119,30,31,49.2,Matches
223,Ali Al Hamadi,iq IRQ,FW,Ipswich Town,23-054,2002,1.5,3,0,0,8,3,1,0,0,0,0,0,0,4,5,9,35.7,Matches
224,Marcus Harness,eng ENG,MF,Ipswich Town,29-059,1996,0.5,0,0,0,0,0,1,0,0,0,0,0,0,2,0,0,,Matches
225,Jack Harrison,eng ENG,FW,Everton,28-155,1996,20.3,0,0,0,13,25,4,112,8,21,1,0,0,63,4,26,13.3,Matches
Rk,Player,Nation,Pos,Squad,Age,Born,90s,CrdY,CrdR,2CrdY,Fls,Fld,Off,Crs,Int,TklW,PKwon,PKcon,OG,Recov,Won,Lost,Won%,Matches
226,Taylor Harwood-Bellis,eng ENG,DF,Southampton,23-084,2002,27.5,8,0,0,31,12,0,9,30,19,0,0,0,114,50,35,58.8,Matches
227,Kai Havertz,de GER,"FW,MF",Arsenal,25-317,1999,20.4,4,0,0,36,21,14,11,6,9,0,0,0,39,62,73,45.9,Matches
228,Ayden Heaven,eng ENG,DF,Manchester Utd,18-214,2006,1.1,0,0,0,2,3,0,0,1,3,0,0,0,4,1,2,33.3,Matches
229,Jan Paul van Hecke,nl NED,DF,Brighton,24-320,2000,28.9,8,1,1,22,22,0,11,23,25,0,0,0,119,73,48,60.3,Matches
230,Hwang Hee-chan,kr KOR,"MF,FW",Wolves,29-088,1996,7.2,0,0,0,6,8,0,8,2,4,0,0,0,27,3,9,25.0,Matches
231,Dean Henderson,eng ENG,GK,Crystal Palace,28-043,1997,34.0,3,0,0,0,0,0,0,0,1,0,0,0,26,11,1,91.7,Matches
232,Rico Henry,eng ENG,DF,Brentford,27-290,1997,0.2,0,0,0,0,1,0,0,1,0,0,0,0,2,1,1,50.0,Matches
233,Mads Hermansen,dk DEN,GK,Leicester City,24-287,2000,25.5,1,0,0,0,3,0,0,0,1,0,0,0,17,4,1,80.0,Matches
234,Son Heung-min,kr KOR,FW,Tottenham,32-290,1992,22.3,1,0,0,5,28,11,75,5,9,1,0,0,81,6,11,35.3,Matches
235,James Hill,eng ENG,DF,Bournemouth,23-104,2002,5.0,1,0,0,7,5,0,10,9,8,0,0,0,13,14,12,53.8,Matches
236,Jack Hinshelwood,eng ENG,"DF,MF",Brighton,20-013,2005,17.7,4,0,0,14,5,0,26,14,18,0,0,0,51,19,13,59.4,Matches
237,George Hirst,sct SCO,FW,Ipswich Town,26-068,1999,5.0,1,0,0,11,9,2,3,2,2,0,0,0,8,29,16,64.4,Matches
238,Mason Holgate,eng ENG,"FW,DF",Everton,28-184,1996,0.1,0,0,0,0,0,0,0,0,0,0,0,0,0,0,1,0.0,Matches
239,Callum Hudson-Odoi,eng ENG,"FW,MF",Nott'ham Forest,24-168,2000,23.4,2,0,0,12,21,8,74,13,14,1,0,0,90,3,10,23.1,Matches
240,Will Hughes,eng ENG,MF,Crystal Palace,30-007,1995,20.8,11,0,0,60,30,0,65,19,33,0,1,0,107,17,17,50.0,Matches
241,Dean Huijsen,es ESP,DF,Bournemouth,20-010,2005,22.8,7,0,0,26,9,2,12,49,23,0,0,0,91,61,41,59.8,Matches
242,Omari Hutchinson,eng ENG,"MF,FW",Ipswich Town,21-176,2003,24.7,5,0,0,28,36,4,56,10,11,0,0,0,90,6,22,21.4,Matches
243,Rasmus Højlund,dk DEN,FW,Manchester Utd,22-079,2003,18.4,2,0,0,15,25,10,6,1,1,1,0,0,28,21,79,21.0,Matches
244,Igor,br BRA,DF,Brighton,27-076,1998,10.0,4,0,0,9,6,0,2,4,4,0,0,0,40,8,6,57.1,Matches
245,Danny Ings,eng ENG,"FW,MF",West Ham,32-275,1992,3.2,0,0,0,0,2,0,3,1,2,1,0,0,9,8,10,44.4,Matches
246,Tim Iroegbunam,eng ENG,MF,Everton,21-298,2003,6.3,4,0,0,15,11,0,1,15,13,0,0,0,47,9,4,69.2,Matches
247,Andy Irving,sct SCO,MF,West Ham,24-346,2000,1.8,2,0,0,6,1,0,2,1,4,0,0,0,10,1,1,50.0,Matches
248,Alexander Isak,se SWE,FW,Newcastle Utd,25-215,1999,26.8,1,0,0,24,12,20,15,3,5,1,0,0,52,25,47,34.7,Matches
249,Alex Iwobi,ng NGA,"FW,MF",Fulham,28-356,1996,29.3,1,0,0,16,16,4,109,11,21,0,0,0,122,5,29,14.7,Matches
250,Nicolas Jackson,sn SEN,FW,Chelsea,23-308,2001,22.5,7,0,0,29,27,18,3,3,11,0,0,0,43,18,33,35.3,Matches
Rk,Player,Nation,Pos,Squad,Age,Born,90s,CrdY,CrdR,2CrdY,Fls,Fld,Off,Crs,Int,TklW,PKwon,PKcon,OG,Recov,Won,Lost,Won%,Matches
251,Reece James,eng ENG,"DF,MF",Chelsea,25-137,1999,9.0,1,0,0,6,9,0,38,12,8,0,0,0,53,21,6,77.8,Matches
252,Vitaly Janelt,de GER,MF,Brentford,26-349,1998,25.0,3,0,0,24,15,1,30,27,22,0,0,2,107,19,11,63.3,Matches
253,Vitezslav Jaros,cz CZE,GK,Liverpool,23-275,2001,0.1,0,0,0,0,0,0,0,0,0,0,0,0,0,0,0,,Matches
254,Daniel Jebbison,eng ENG,FW,Bournemouth,21-254,2003,0.8,1,0,0,2,2,0,1,1,1,0,0,0,7,2,9,18.2,Matches
255,Mathias Jensen,dk DEN,MF,Brentford,29-113,1996,8.6,2,0,0,7,10,0,31,7,8,0,0,0,44,8,5,61.5,Matches
256,Gabriel Jesus,br BRA,FW,Arsenal,28-021,1997,6.8,4,0,0,14,10,9,7,4,6,0,0,0,28,9,18,33.3,Matches
257,Raúl Jiménez,mx MEX,FW,Fulham,33-354,1991,22.7,3,0,0,33,35,13,19,9,18,1,0,0,67,66,81,44.9,Matches
258,Kim Jisoo,kr KOR,DF,Brentford,20-121,2004,0.3,0,0,0,1,0,0,0,0,0,0,0,0,0,0,0,,Matches
259,João Pedro,br BRA,"FW,MF",Brighton,23-210,2001,21.6,4,1,0,26,46,2,22,9,12,3,1,0,59,41,43,48.8,Matches
260,Joelinton,br BRA,"MF,FW",Newcastle Utd,28-253,1996,26.6,10,0,0,58,35,7,16,23,35,0,0,0,149,59,46,56.2,Matches
261,Ben Johnson,eng ENG,"DF,FW",Ipswich Town,25-090,2000,14.6,3,0,0,25,6,1,36,13,22,0,0,0,55,19,18,51.4,Matches
262,Brennan Johnson,wls WAL,FW,Tottenham,23-336,2001,22.1,5,0,0,25,24,9,51,4,26,2,0,0,58,7,20,25.9,Matches
263,Sam Johnstone,eng ENG,GK,Wolves,32-030,1993,7.0,0,0,0,0,0,0,0,0,0,0,0,0,9,4,0,100.0,Matches
264,Curtis Jones,eng ENG,"MF,DF",Liverpool,24-084,2001,15.7,3,1,1,15,21,1,6,5,17,1,0,0,75,13,12,52.0,Matches
265,Jorginho,it ITA,MF,Arsenal,33-125,1991,7.8,5,0,0,15,17,0,1,7,4,0,0,0,54,1,6,14.3,Matches
266,Diogo Jota,pt POR,FW,Liverpool,28-141,1996,11.9,2,0,0,18,12,1,8,6,7,1,0,0,38,21,28,42.9,Matches
267,James Justin,eng ENG,DF,Leicester City,27-060,1998,28.2,5,0,0,20,34,2,53,42,29,0,0,0,75,57,46,55.3,Matches
268,Filip Jørgensen,dk DEN,GK,Chelsea,23-008,2002,6.0,0,0,0,1,1,0,0,0,0,0,1,0,5,0,0,,Matches
269,Ferdi Kadioglu,tr TUR,"DF,MF",Brighton,25-199,1999,4.3,1,0,0,5,3,1,9,8,6,0,0,0,14,3,1,75.0,Matches
270,Daichi Kamada,jp JPN,MF,Crystal Palace,28-262,1996,14.9,3,1,0,25,17,2,27,16,25,0,0,0,67,3,12,20.0,Matches
271,Boubacar Kamara,fr FRA,MF,Aston Villa,25-152,1999,15.3,2,0,0,23,26,0,1,16,19,0,0,0,67,16,21,43.2,Matches
272,Michael Kayode,it ITA,DF,Brentford,20-288,2004,1.4,1,0,0,3,1,0,5,1,5,0,0,0,8,1,1,50.0,Matches
273,Michael Keane,eng ENG,DF,Everton,32-103,1993,9.5,5,0,0,9,0,0,1,10,7,0,0,0,24,20,14,58.8,Matches
274,Caoimhín Kelleher,ie IRL,GK,Liverpool,26-152,1998,10.0,0,0,0,0,3,0,0,0,0,0,0,0,18,1,0,100.0,Matches
275,Lloyd Kelly,eng ENG,DF,Newcastle Utd,26-200,1998,3.4,2,0,0,5,5,1,1,1,4,0,0,0,19,6,2,75.0,Matches
Rk,Player,Nation,Pos,Squad,Age,Born,90s,CrdY,CrdR,2CrdY,Fls,Fld,Off,Crs,Int,TklW,PKwon,PKcon,OG,Recov,Won,Lost,Won%,Matches
276,Milos Kerkez,hu HUN,DF,Bournemouth,21-168,2003,32.2,4,0,0,27,44,1,115,38,26,0,0,0,148,25,46,35.2,Matches
277,Bilal El Khannouss,ma MAR,MF,Leicester City,20-349,2004,20.4,4,0,0,27,9,0,74,6,25,0,0,0,81,19,18,51.4,Matches
278,Abdukodir Khusanov,uz UZB,DF,Manchester City,21-054,2004,5.6,1,0,0,3,3,0,1,3,4,0,0,1,27,6,4,60.0,Matches
279,Max Kilman,eng ENG,DF,West Ham,27-336,1997,32.2,4,0,0,17,12,2,2,36,17,0,0,0,132,99,48,67.3,Matches
280,Joshua King,eng ENG,"MF,FW",Fulham,18-111,2007,0.9,0,0,0,2,2,0,1,1,3,0,0,0,3,0,0,,Matches
281,Antonín Kinský,cz CZE,GK,Tottenham,22-042,2003,4.0,0,0,0,0,0,0,0,0,1,0,0,0,4,2,0,100.0,Matches
282,Jakub Kiwior,pl POL,DF,Arsenal,25-068,2000,8.5,0,0,0,8,3,0,1,2,6,0,0,0,18,8,7,53.3,Matches
283,Justin Kluivert,nl NED,"MF,FW",Bournemouth,25-354,1999,22.5,7,0,0,39,27,5,76,13,9,1,0,0,68,7,23,23.3,Matches
284,Ibrahima Konaté,fr FRA,DF,Liverpool,25-334,1999,24.8,5,0,0,24,18,0,0,11,25,0,0,0,84,68,28,70.8,Matches
285,Ezri Konsa,eng ENG,DF,Aston Villa,27-183,1997,28.6,0,0,0,6,42,0,5,21,17,0,0,0,86,27,21,56.3,Matches
286,Mateo Kovačić,hr CRO,MF,Manchester City,30-353,1994,21.8,5,0,0,22,22,0,0,20,36,0,0,0,109,9,7,56.3,Matches
287,Caleb Kporha,eng ENG,DF,Crystal Palace,18-283,2006,0.1,0,0,0,0,0,0,2,0,1,0,0,0,1,0,1,0.0,Matches
288,Emil Krafth,se SWE,DF,Newcastle Utd,30-265,1994,3.2,0,0,0,3,1,0,1,2,2,0,0,0,17,5,5,50.0,Matches
289,Mohammed Kudus,gh GHA,"FW,MF",West Ham,24-265,2000,24.9,1,1,0,34,57,18,69,4,19,0,0,0,119,10,34,22.7,Matches
290,Dejan Kulusevski,se SWE,"MF,FW",Tottenham,24-364,2000,24.8,3,0,0,41,33,5,88,12,23,0,0,0,112,10,14,41.7,Matches
291,Maxence Lacroix,fr FRA,DF,Crystal Palace,25-018,2000,30.6,5,0,0,31,18,1,6,50,40,0,1,0,121,54,44,55.1,Matches
292,Adam Lallana,eng ENG,MF,Southampton,36-349,1988,4.0,4,0,0,8,8,0,4,5,5,0,0,0,19,2,2,50.0,Matches
293,Tariq Lamptey,gh GHA,DF,Brighton,24-206,2000,8.5,0,0,0,12,10,0,24,6,10,0,1,0,35,1,12,7.7,Matches
294,Will Lankshear,eng ENG,"FW,MF",Tottenham,20-004,2005,0.1,0,0,0,2,0,0,0,0,0,0,0,0,0,0,0,,Matches
295,Roméo Lavia,be BEL,MF,Chelsea,21-108,2004,6.0,4,0,0,10,3,0,0,11,10,0,1,0,28,7,2,77.8,Matches
296,Mario Lemina,ga GAB,"MF,DF",Wolves,31-235,1993,15.2,4,0,0,17,8,4,10,27,31,0,1,0,73,25,16,61.0,Matches
297,Bernd Leno,de GER,GK,Fulham,33-051,1992,33.0,4,0,0,0,3,0,0,0,2,0,0,0,47,9,0,100.0,Matches
298,Jefferson Lerma,co COL,"MF,DF",Crystal Palace,30-181,1994,22.6,8,0,0,34,35,0,10,35,15,0,0,0,138,39,38,50.6,Matches
299,Rico Lewis,eng ENG,"DF,MF",Manchester City,20-154,2004,20.1,5,1,1,10,33,0,3,13,19,0,0,0,93,5,13,27.8,Matches
300,Keane Lewis-Potter,eng ENG,"DF,FW",Brentford,24-061,2001,30.2,5,0,0,14,27,4,67,19,26,1,0,0,131,26,33,44.1,Matches
Rk,Player,Nation,Pos,Squad,Age,Born,90s,CrdY,CrdR,2CrdY,Fls,Fld,Off,Crs,Int,TklW,PKwon,PKcon,OG,Recov,Won,Lost,Won%,Matches
301,Myles Lewis-Skelly,eng ENG,DF,Arsenal,18-210,2006,12.0,2,2,0,10,35,0,8,6,14,0,1,0,42,7,6,53.8,Matches
302,Matthijs de Ligt,nl NED,DF,Manchester Utd,25-255,1999,23.2,3,0,0,16,12,2,6,33,22,0,2,0,66,57,29,66.3,Matches
303,Pedro Lima,br BRA,DF,Wolves,18-297,2006,0.8,0,0,0,1,1,1,5,2,0,0,0,0,3,0,3,0.0,Matches
304,Victor Lindelöf,se SWE,DF,Manchester Utd,30-281,1994,4.9,1,0,0,7,1,0,1,7,1,0,0,0,10,10,13,43.5,Matches
305,Jesper Lindstrøm,dk DEN,FW,Everton,25-054,2000,13.8,2,0,0,15,10,1,71,12,25,0,0,0,70,6,12,33.3,Matches
306,Valentino Livramento,eng ENG,DF,Newcastle Utd,22-163,2002,26.6,1,0,0,6,32,2,40,20,32,0,0,0,165,20,30,40.0,Matches
307,Sean Longstaff,eng ENG,MF,Newcastle Utd,27-176,1997,8.9,2,0,0,9,6,0,5,7,16,0,0,0,31,7,7,50.0,Matches
308,Saša Lukić,rs SRB,MF,Fulham,28-254,1996,22.6,12,0,0,56,25,0,53,25,34,0,0,0,101,18,22,45.0,Matches
309,Joe Lumley,eng ENG,GK,Southampton,30-068,1995,3.0,0,0,0,0,0,0,0,0,0,0,0,0,2,2,1,66.7,Matches
310,Massimo Luongo,au AUS,MF,Ipswich Town,32-211,1992,2.1,0,0,0,1,2,0,1,2,5,0,0,0,10,1,0,100.0,Matches
311,Ian Maatsen,nl NED,DF,Aston Villa,23-045,2002,9.9,2,0,0,9,8,3,47,15,13,0,0,0,54,8,5,61.5,Matches
312,Alexis Mac Allister,ar ARG,MF,Liverpool,26-121,1998,27.5,6,0,0,59,39,2,80,21,54,0,0,0,138,18,33,35.3,Matches
313,James Maddison,eng ENG,MF,Tottenham,28-152,1996,19.6,6,0,0,31,63,4,95,11,18,0,0,0,73,5,7,41.7,Matches
314,Noni Madueke,eng ENG,FW,Chelsea,23-045,2002,18.3,3,0,0,20,22,4,53,8,14,0,0,0,63,9,14,39.1,Matches
315,Gabriel Magalhães,br BRA,DF,Arsenal,27-126,1997,26.3,4,0,0,19,19,0,9,16,15,1,0,0,63,53,37,58.9,Matches
316,Edmond-Paris Maghoma,eng ENG,"MF,FW",Brentford,23-351,2001,1.3,0,0,0,2,4,0,3,1,1,0,0,0,7,1,3,25.0,Matches
317,Harry Maguire,eng ENG,DF,Manchester Utd,32-050,1993,15.8,7,0,0,16,6,1,2,36,13,0,0,0,53,51,21,70.8,Matches
318,Kobbie Mainoo,eng ENG,MF,Manchester Utd,20-005,2005,15.0,5,0,0,24,19,2,4,18,24,0,0,0,74,17,25,40.5,Matches
319,Tyrell Malacia,nl NED,DF,Manchester Utd,25-250,1999,1.1,1,0,0,3,2,0,1,1,1,0,0,0,3,0,0,,Matches
320,Donyell Malen,nl NED,FW,Aston Villa,26-105,1999,3.0,0,0,0,1,4,2,7,0,4,0,0,0,8,3,4,42.9,Matches
321,Orel Mangala,be BEL,MF,Everton,27-037,1998,14.0,2,0,0,24,17,2,6,21,8,0,0,0,49,6,8,42.9,Matches
322,Ryan Manning,ie IRL,"DF,MF",Southampton,28-314,1996,14.2,2,0,0,18,28,0,72,16,17,0,0,0,60,12,5,70.6,Matches
323,Solly March,eng ENG,"FW,MF",Brighton,30-278,1994,1.2,2,0,0,2,1,1,16,2,3,0,0,0,4,1,1,50.0,Matches
324,Omar Marmoush,eg EGY,"FW,MF",Manchester City,26-076,1999,10.2,0,0,0,13,17,9,25,5,6,1,0,0,29,5,8,38.5,Matches
325,Gabriel Martinelli,br BRA,"FW,MF",Arsenal,23-310,2001,21.7,1,0,0,14,19,8,80,4,14,0,0,0,70,14,29,32.6,Matches
Rk,Player,Nation,Pos,Squad,Age,Born,90s,CrdY,CrdR,2CrdY,Fls,Fld,Off,Crs,Int,TklW,PKwon,PKcon,OG,Recov,Won,Lost,Won%,Matches
326,Emiliano Martínez,ar ARG,GK,Aston Villa,32-234,1992,32.0,4,0,0,1,5,0,0,0,3,0,0,0,28,8,1,88.9,Matches
327,Lisandro Martínez,ar ARG,DF,Manchester Utd,27-096,1998,19.5,7,0,0,22,7,0,9,32,24,0,0,0,81,16,13,55.2,Matches
328,Pape Matar Sarr,sn SEN,MF,Tottenham,22-222,2002,17.7,6,0,0,27,30,2,13,24,30,0,1,0,104,23,36,39.0,Matches
329,Jean-Philippe Mateta,fr FRA,FW,Crystal Palace,27-300,1997,27.1,2,0,0,27,26,17,24,2,12,0,0,0,60,59,95,38.3,Matches
330,Stephy Mavididi,eng ENG,FW,Leicester City,26-328,1998,17.9,2,0,0,18,18,3,69,11,19,0,0,0,83,9,15,37.5,Matches
331,Konstantinos Mavropanos,gr GRE,DF,West Ham,27-134,1997,20.6,5,1,1,16,14,3,2,38,22,0,0,0,65,55,23,70.5,Matches
332,Noussair Mazraoui,ma MAR,DF,Manchester Utd,27-161,1997,28.5,2,0,0,37,21,3,20,33,59,0,1,0,137,46,27,63.0,Matches
333,Bryan Mbeumo,cm CMR,FW,Brentford,25-260,1999,32.9,2,0,0,22,40,11,171,14,26,0,0,0,137,31,68,31.3,Matches
334,James Mcatee,eng ENG,"MF,FW",Manchester City,22-188,2002,3.3,1,0,0,5,2,0,5,2,2,0,0,0,8,2,3,40.0,Matches
335,Kasey McAteer,ie IRL,"FW,MF",Leicester City,23-153,2001,5.4,1,0,0,13,13,2,14,3,8,0,0,0,28,9,14,39.1,Matches
336,Alex McCarthy,eng ENG,GK,Southampton,35-142,1989,5.0,0,0,0,0,1,0,0,0,0,0,0,0,4,2,0,100.0,Matches
337,John McGinn,sct SCO,"MF,FW",Aston Villa,30-188,1994,22.1,7,0,0,43,63,3,50,14,22,1,0,0,92,15,10,60.0,Matches
338,Dwight McNeil,eng ENG,"MF,FW",Everton,25-153,1999,12.9,1,0,0,6,13,1,91,5,6,0,0,0,64,3,14,17.6,Matches
339,Scott McTominay,sct SCO,MF,Manchester Utd,28-137,1996,0.2,0,0,0,0,0,0,0,0,0,0,0,0,1,1,0,100.0,Matches
340,Ben Mee,eng ENG,DF,Brentford,35-215,1989,2.0,2,0,0,5,0,0,0,4,2,0,0,0,11,5,5,50.0,Matches
341,Jayden Meghoma,eng ENG,DF,Brentford,18-300,2006,0.1,0,0,0,0,0,0,0,0,0,0,0,0,1,0,0,,Matches
342,Mikel Merino,es ESP,"MF,FW",Arsenal,28-306,1996,15.6,2,0,0,35,20,7,12,13,22,0,0,0,76,57,52,52.3,Matches
343,Shumaira Mheuka,eng ENG,MF,Chelsea,17-186,2007,0.0,0,0,0,0,0,0,0,0,0,0,0,0,0,1,0,100.0,Matches
344,Nikola Milenković,rs SRB,DF,Nott'ham Forest,27-194,1997,32.0,4,0,0,16,4,1,0,24,26,0,0,0,71,91,36,71.7,Matches
345,Lewis Miley,eng ENG,MF,Newcastle Utd,18-358,2006,2.5,0,0,0,3,1,0,0,2,9,0,0,0,14,5,5,50.0,Matches
346,James Milner,eng ENG,MF,Brighton,39-110,1986,1.9,1,0,0,3,1,0,8,2,2,0,0,0,2,0,1,0.0,Matches
347,Tyrone Mings,eng ENG,DF,Aston Villa,32-042,1993,11.7,1,0,0,3,9,0,1,7,5,0,0,0,33,26,21,55.3,Matches
348,Yankuba Minteh,gm GAM,"FW,MF",Brighton,20-276,2004,16.3,6,0,0,17,9,4,70,10,31,0,0,0,73,16,25,39.0,Matches
349,Tyrick Mitchell,eng ENG,DF,Crystal Palace,25-235,1999,31.7,2,0,0,20,22,2,97,14,52,0,0,0,152,18,21,46.2,Matches
350,Kaoru Mitoma,jp JPN,"FW,MF",Brighton,27-339,1997,27.7,1,0,0,39,23,5,69,13,24,0,0,0,92,24,26,48.0,Matches
Rk,Player,Nation,Pos,Squad,Age,Born,90s,CrdY,CrdR,2CrdY,Fls,Fld,Off,Crs,Int,TklW,PKwon,PKcon,OG,Recov,Won,Lost,Won%,Matches
351,Jakub Moder,pl POL,MF,Brighton,26-017,1999,0.1,0,0,0,0,0,0,1,0,0,0,0,0,2,0,1,0.0,Matches
352,Jeremy Monga,,FW,Leicester City,,,0.3,0,0,0,0,0,0,1,0,0,0,0,0,1,0,1,0.0,Matches
353,Mikey Moore,eng ENG,"FW,MF",Tottenham,17-256,2007,2.1,0,0,0,3,4,2,12,1,0,0,0,0,5,1,4,20.0,Matches
354,Morato,br BRA,DF,Nott'ham Forest,23-298,2001,8.9,2,0,0,10,2,0,0,10,13,0,0,0,31,5,13,27.8,Matches
355,Álex Moreno,es ESP,"DF,MF",Nott'ham Forest,31-320,1993,10.6,2,0,0,12,6,0,19,15,18,0,0,0,50,3,11,21.4,Matches
356,Sam Morsy,eg EGY,MF,Ipswich Town,33-226,1991,25.9,9,0,0,43,22,0,11,28,34,0,1,1,132,14,22,38.9,Matches
357,Yerson Mosquera,co COL,DF,Wolves,23-357,2001,4.9,2,0,0,6,7,1,2,10,7,0,0,0,24,11,6,64.7,Matches
358,Mason Mount,eng ENG,"MF,FW",Manchester Utd,26-104,1999,3.9,3,0,0,12,7,0,8,2,2,0,0,0,9,3,6,33.3,Matches
359,Divin Mubama,eng ENG,FW,Manchester City,20-181,2004,0.3,0,0,0,0,0,0,0,0,0,0,0,0,1,0,1,0.0,Matches
360,Mykhailo Mudryk,ua UKR,FW,Chelsea,24-109,2001,1.7,0,0,0,2,2,1,7,0,2,0,0,0,9,2,4,33.3,Matches
361,Marshall Munetsi,zw ZIM,"MF,FW",Wolves,28-306,1996,7.8,0,0,0,11,8,3,4,5,9,0,0,0,23,22,17,56.4,Matches
362,Rodrigo Muniz,br BRA,FW,Fulham,23-355,2001,10.7,1,0,0,11,31,3,1,5,5,0,0,0,14,67,63,51.5,Matches
363,Daniel Muñoz,co COL,DF,Crystal Palace,28-333,1996,31.9,9,0,0,47,19,13,60,38,69,0,0,0,149,56,73,43.4,Matches
364,Arijanet Muric,xk KVX,GK,Ipswich Town,26-168,1998,18.0,1,0,0,0,4,0,0,0,0,0,0,0,26,11,1,91.7,Matches
365,Murillo,br BRA,DF,Nott'ham Forest,22-294,2002,31.5,5,0,0,25,4,0,12,29,33,0,1,0,124,36,19,65.5,Matches
366,Jacob Murphy,eng ENG,FW,Newcastle Utd,30-059,1995,22.4,3,0,0,11,11,3,93,11,15,0,0,0,86,4,15,21.1,Matches
367,Vitaliy Mykolenko,ua UKR,DF,Everton,25-330,1999,29.2,2,0,0,18,26,3,80,34,32,0,1,0,73,42,36,53.8,Matches
368,Iliman Ndiaye,sn SEN,FW,Everton,25-049,2000,23.5,3,0,0,21,44,5,35,17,25,0,0,0,158,5,17,22.7,Matches
369,Wilfred Ndidi,ng NGA,MF,Leicester City,28-129,1996,21.9,7,0,0,36,16,3,28,23,42,0,0,1,107,51,46,52.6,Matches
370,Kosta Nedeljković,rs SRB,DF,Aston Villa,19-129,2005,1.4,0,0,0,0,1,0,1,0,5,0,0,0,4,0,1,0.0,Matches
371,Reiss Nelson,eng ENG,FW,Arsenal,25-135,1999,0.0,0,0,0,1,1,0,0,0,0,0,0,0,0,0,0,,Matches
372,Reiss Nelson,eng ENG,FW,Fulham,25-135,1999,5.4,1,0,0,6,9,1,23,5,6,0,0,0,29,0,4,0.0,Matches
373,Neto,br BRA,GK,Bournemouth,35-279,1989,2.0,0,0,0,0,2,0,0,0,0,0,0,0,3,0,0,,Matches
374,Pedro Neto,pt POR,FW,Chelsea,25-046,2000,20.4,8,0,0,17,28,3,122,8,9,0,0,0,64,9,24,27.3,Matches
375,Eddie Nketiah,eng ENG,"FW,MF",Crystal Palace,25-329,1999,9.8,5,1,1,25,23,3,5,2,5,1,0,0,21,18,31,36.7,Matches
Rk,Player,Nation,Pos,Squad,Age,Born,90s,CrdY,CrdR,2CrdY,Fls,Fld,Off,Crs,Int,TklW,PKwon,PKcon,OG,Recov,Won,Lost,Won%,Matches
376,Christopher Nkunku,fr FRA,FW,Chelsea,27-161,1997,10.2,2,0,0,16,11,3,4,7,8,0,0,0,29,16,22,42.1,Matches
377,Gustavo Nunes,br BRA,"MF,FW",Brentford,19-155,2005,0.0,0,0,0,0,0,0,0,0,0,0,0,0,0,0,0,,Matches
378,Matheus Nunes,pt POR,"DF,MF",Manchester City,26-240,1998,15.6,4,0,0,28,14,6,37,12,18,0,1,0,57,13,15,46.4,Matches
379,Darwin Núñez,uy URU,FW,Liverpool,25-304,1999,11.2,8,0,0,26,14,11,2,3,15,1,0,0,37,15,29,34.1,Matches
380,Ethan Nwaneri,eng ENG,"FW,MF",Arsenal,18-034,2007,9.1,1,0,0,7,5,6,51,2,7,0,0,0,33,3,7,30.0,Matches
381,Christian Nørgaard,dk DEN,MF,Brentford,31-045,1994,26.3,5,1,0,37,26,1,13,42,44,0,0,0,173,40,29,58.0,Matches
382,Jake O'Brien,ie IRL,DF,Everton,23-344,2001,13.5,4,0,0,10,3,3,17,3,13,0,0,0,46,31,22,58.5,Matches
383,Matt O'Riley,dk DEN,MF,Brighton,24-154,2000,7.5,1,0,0,10,10,1,36,12,9,1,0,1,21,4,6,40.0,Matches
384,Dara O'Shea,ie IRL,DF,Ipswich Town,26-051,1999,29.7,6,0,0,15,21,3,5,31,25,0,0,0,98,97,73,57.1,Matches
385,Chidozie Obi-Martin,dk DEN,FW,Manchester Utd,17-146,2007,0.5,1,0,0,0,0,0,0,0,0,0,0,0,7,1,1,50.0,Matches
386,Wilson Odobert,fr FRA,FW,Tottenham,20-147,2004,5.7,0,0,0,0,3,0,19,3,2,0,0,0,27,3,3,50.0,Matches
387,Chiedozie Ogbene,ie IRL,FW,Ipswich Town,27-358,1997,2.6,0,0,0,2,7,1,4,1,3,0,0,0,6,1,6,14.3,Matches
388,Caleb Okoli,it ITA,DF,Leicester City,23-285,2001,12.5,4,0,0,16,9,0,1,15,14,0,0,0,44,23,21,52.3,Matches
389,Robin Olsen,se SWE,GK,Aston Villa,35-106,1990,2.0,0,0,0,0,0,0,0,0,0,0,0,0,2,0,0,,Matches
390,Amadou Onana,be BEL,MF,Aston Villa,23-251,2001,15.0,4,0,0,30,23,0,1,24,24,0,0,0,64,25,18,58.1,Matches
391,André Onana,cm CMR,GK,Manchester Utd,29-022,1996,32.0,0,0,0,0,2,0,0,0,1,0,0,0,30,6,0,100.0,Matches
392,Paul Onuachu,ng NGA,FW,Southampton,30-331,1994,10.9,4,0,0,26,15,9,0,1,2,0,0,0,17,88,54,62.0,Matches
393,Frank Onyeka,ng NGA,MF,Brentford,27-113,1998,0.3,0,0,0,2,0,0,0,0,0,0,0,0,2,0,0,,Matches
394,Lewis Orford,eng ENG,MF,West Ham,19-065,2006,0.5,0,0,0,0,0,0,1,1,0,0,0,0,7,0,1,0.0,Matches
395,Stefan Ortega,de GER,GK,Manchester City,32-169,1992,12.2,1,0,0,1,2,0,0,0,0,0,1,0,8,2,0,100.0,Matches
396,William Osula,dk DEN,FW,Newcastle Utd,21-263,2003,1.0,0,0,0,2,1,1,0,4,0,0,0,0,2,3,1,75.0,Matches
397,Dango Ouattara,bf BFA,FW,Bournemouth,23-072,2002,20.5,2,0,0,15,17,13,80,8,23,0,0,0,83,41,57,41.8,Matches
398,Nico O’Reilly,eng ENG,DF,Manchester City,20-034,2005,5.1,0,0,0,6,4,1,8,3,4,0,0,0,27,4,7,36.4,Matches
399,Alex Palmer,eng ENG,GK,Ipswich Town,28-257,1996,9.0,2,0,0,1,1,0,0,0,0,0,0,0,13,3,0,100.0,Matches
400,Cole Palmer,eng ENG,MF,Chelsea,22-353,2002,30.5,6,0,0,12,55,6,130,8,15,1,0,0,91,1,7,12.5,Matches
Rk,Player,Nation,Pos,Squad,Age,Born,90s,CrdY,CrdR,2CrdY,Fls,Fld,Off,Crs,Int,TklW,PKwon,PKcon,OG,Recov,Won,Lost,Won%,Matches
401,Emerson Palmieri,it ITA,DF,West Ham,30-264,1994,21.4,5,0,0,22,13,0,61,19,29,0,0,0,82,15,18,45.5,Matches
402,Lucas Paquetá,br BRA,"MF,FW",West Ham,27-240,1997,24.1,8,0,0,48,55,6,27,16,35,0,1,0,137,44,57,43.6,Matches
403,Thomas Partey,gh GHA,"MF,DF",Arsenal,31-315,1993,27.1,4,0,0,39,27,1,12,32,48,0,0,0,120,26,21,55.3,Matches
404,Nathan Patterson,sct SCO,"DF,FW",Everton,23-190,2001,2.3,0,0,0,2,1,0,7,0,1,0,0,0,7,1,4,20.0,Matches
405,Andreas Pereira,br BRA,MF,Fulham,29-113,1996,20.4,7,0,0,26,22,1,158,8,12,1,0,0,97,12,20,37.5,Matches
406,Ricardo Pereira,pt POR,DF,Leicester City,31-200,1993,3.3,1,0,0,4,6,0,3,2,4,0,0,0,12,3,1,75.0,Matches
407,Kalvin Phillips,eng ENG,MF,Ipswich Town,29-143,1995,13.5,6,1,1,28,19,0,18,19,19,0,0,0,68,7,21,25.0,Matches
408,Jaden Philogene Bidace,eng ENG,"FW,MF",Aston Villa,23-075,2002,3.7,4,1,1,12,8,1,4,3,5,0,0,0,21,0,5,0.0,Matches
409,Jaden Philogene Bidace,eng ENG,"FW,DF",Ipswich Town,23-075,2002,5.3,1,0,0,8,10,1,13,10,7,0,0,0,23,5,3,62.5,Matches
410,Jordan Pickford,eng ENG,GK,Everton,31-048,1994,33.0,7,0,0,0,6,0,0,1,0,0,0,0,29,4,1,80.0,Matches
411,Ethan Pinnock,jm JAM,DF,Brentford,31-330,1993,21.3,2,0,0,8,4,0,9,24,19,0,1,1,50,63,43,59.4,Matches
412,Daniel Podence,pt POR,"MF,FW",Wolves,29-185,1995,0.5,0,0,0,0,2,0,1,0,0,0,0,0,1,0,1,0.0,Matches
413,Alfie Pond,eng ENG,DF,Wolves,21-054,2004,0.0,0,0,0,0,0,0,0,0,0,0,0,0,0,0,0,,Matches
414,Nick Pope,eng ENG,GK,Newcastle Utd,33-005,1992,23.0,2,0,0,2,5,0,0,1,0,0,2,0,18,11,1,91.7,Matches
415,Pedro Porro,es ESP,DF,Tottenham,25-223,1999,27.4,4,0,0,24,30,1,191,34,46,0,0,0,148,11,22,33.3,Matches
416,Jarell Quansah,eng ENG,DF,Liverpool,22-085,2003,3.5,1,0,0,7,1,0,2,5,7,0,0,0,9,5,8,38.5,Matches
417,Hákon Rafn Valdimarsson,is ISL,GK,Brentford,23-193,2001,1.6,0,0,0,0,0,0,0,0,0,0,0,0,1,1,0,100.0,Matches
418,Aaron Ramsdale,eng ENG,GK,Southampton,26-345,1998,25.0,2,0,0,1,4,0,0,2,0,0,0,0,18,4,0,100.0,Matches
419,Jacob Ramsey,eng ENG,"FW,MF",Aston Villa,23-331,2001,16.5,2,0,0,12,24,5,10,7,15,1,0,0,74,6,10,37.5,Matches
420,Marcus Rashford,eng ENG,"FW,MF",Manchester Utd,27-175,1997,10.9,2,0,0,8,7,7,27,4,4,0,0,0,24,5,7,41.7,Matches
421,Marcus Rashford,eng ENG,FW,Aston Villa,27-175,1997,4.9,0,0,0,1,3,1,28,1,7,0,0,0,14,1,8,11.1,Matches
422,David Raya,es ESP,GK,Arsenal,29-221,1995,34.0,2,0,0,1,8,0,0,2,0,0,1,0,38,10,0,100.0,Matches
423,Harrison Reed,eng ENG,MF,Fulham,30-087,1995,1.0,2,0,0,6,2,0,5,1,3,0,1,0,10,1,2,33.3,Matches
424,Remy Rees-Dottin,eng ENG,FW,Bournemouth,19-049,2006,0.0,0,0,0,0,0,0,0,0,0,0,0,0,0,0,0,,Matches
425,Sergio Reguilón,es ESP,DF,Tottenham,28-129,1996,1.4,2,0,0,2,5,0,10,2,3,0,0,0,9,5,2,71.4,Matches
Rk,Player,Nation,Pos,Squad,Age,Born,90s,CrdY,CrdR,2CrdY,Fls,Fld,Off,Crs,Int,TklW,PKwon,PKcon,OG,Recov,Won,Lost,Won%,Matches
426,Bobby Reid,jm JAM,FW,Leicester City,32-081,1993,7.8,2,0,0,9,9,4,15,0,4,1,0,0,27,6,14,30.0,Matches
427,Vitor Reis,br BRA,DF,Manchester City,19-102,2006,0.0,0,0,0,0,0,0,0,0,0,0,0,0,0,0,0,,Matches
428,Chadi Riad,ma MAR,DF,Crystal Palace,21-311,2003,1.0,0,0,0,1,0,0,0,2,2,0,0,0,4,2,4,33.3,Matches
429,Declan Rice,eng ENG,MF,Arsenal,26-100,1999,28.6,7,1,1,19,15,1,154,24,22,0,0,0,139,30,23,56.6,Matches
430,Chris Richards,us USA,DF,Crystal Palace,25-027,2000,17.4,4,1,1,11,4,1,1,10,27,1,0,0,48,33,35,48.5,Matches
431,Richarlison,br BRA,FW,Tottenham,27-349,1997,4.3,1,0,0,6,7,1,7,0,3,0,0,0,8,8,16,33.3,Matches
432,Andrew Robertson,sct SCO,DF,Liverpool,31-044,1994,24.6,3,1,0,10,7,2,131,20,22,0,1,1,89,6,12,33.3,Matches
433,Antonee Robinson,us USA,DF,Fulham,27-259,1997,32.2,8,0,0,30,17,6,158,56,56,0,0,0,142,45,25,64.3,Matches
434,Jay Robinson,eng ENG,MF,Southampton,18-040,2007,0.0,0,0,0,0,0,0,0,0,0,0,0,0,2,0,0,,Matches
435,Rodri,es ESP,MF,Manchester City,28-306,1996,0.7,0,0,0,1,2,0,0,1,1,0,0,0,7,1,0,100.0,Matches
436,Guido Rodríguez,ar ARG,MF,West Ham,31-012,1994,11.3,5,0,0,15,11,1,4,12,16,0,0,0,46,8,7,53.3,Matches
437,Mads Roerslev,dk DEN,DF,Brentford,25-304,1999,12.2,2,0,0,6,10,0,31,4,8,0,0,0,39,10,14,41.7,Matches
438,Morgan Rogers,eng ENG,"FW,MF",Aston Villa,22-272,2002,30.7,9,0,0,46,47,2,21,5,18,1,0,0,103,11,43,20.4,Matches
439,Cristian Romero,ar ARG,DF,Tottenham,26-362,1998,15.7,3,0,0,14,12,2,3,21,29,0,0,0,90,41,27,60.3,Matches
440,Georginio Rutter,fr FRA,"MF,FW",Brighton,23-004,2002,18.4,2,0,0,34,45,7,9,10,15,0,1,0,66,25,46,35.2,Matches
441,José Sá,pt POR,GK,Wolves,32-097,1993,25.0,2,0,0,3,8,0,0,0,2,0,3,0,29,8,0,100.0,Matches
442,Bukayo Saka,eng ENG,"FW,MF",Arsenal,23-231,2001,16.2,3,0,0,13,35,5,109,2,13,1,0,0,61,8,19,29.6,Matches
443,Mohamed Salah,eg EGY,FW,Liverpool,32-313,1992,32.5,1,0,0,22,33,15,64,7,11,0,0,0,90,9,12,42.9,Matches
444,William Saliba,fr FRA,DF,Arsenal,24-031,2001,31.3,2,1,0,27,17,1,3,21,34,0,1,0,140,57,35,62.0,Matches
445,Robert Sánchez,es ESP,GK,Chelsea,27-157,1997,27.0,5,0,0,2,3,0,0,2,0,0,2,0,39,6,0,100.0,Matches
446,Jadon Sancho,eng ENG,FW,Chelsea,25-030,2000,18.4,1,0,0,6,11,5,23,2,6,2,0,0,96,5,10,33.3,Matches
447,Ibrahim Sangaré,ci CIV,MF,Nott'ham Forest,27-143,1997,3.1,2,0,0,8,5,0,0,2,10,0,0,0,22,5,7,41.7,Matches
448,Pablo Sarabia,es ESP,"MF,FW",Wolves,32-348,1992,7.5,3,0,0,14,14,5,38,4,7,0,0,0,28,4,12,25.0,Matches
449,Jeremy Sarmiento,ec ECU,MF,Brighton,22-312,2002,0.1,0,0,0,0,0,0,0,0,0,0,0,0,1,0,0,,Matches
450,Ismaila Sarr,sn SEN,"MF,FW",Crystal Palace,27-058,1998,26.6,4,0,0,12,49,11,50,8,10,1,0,0,99,31,46,40.3,Matches
Rk,Player,Nation,Pos,Squad,Age,Born,90s,CrdY,CrdR,2CrdY,Fls,Fld,Off,Crs,Int,TklW,PKwon,PKcon,OG,Recov,Won,Lost,Won%,Matches
451,Sávio,br BRA,"FW,MF",Manchester City,21-014,2004,19.3,3,0,0,17,27,3,81,6,16,2,0,0,79,1,2,33.3,Matches
452,Oliver Scarles,eng ENG,DF,West Ham,19-133,2005,6.6,1,0,0,4,3,1,13,10,11,0,0,0,33,5,5,50.0,Matches
453,Dane Scarlett,eng ENG,"FW,MF",Tottenham,21-031,2004,0.4,0,0,0,0,1,1,0,0,0,0,0,0,3,1,0,100.0,Matches
454,Kevin Schade,de GER,FW,Brentford,23-148,2001,21.5,3,0,0,19,31,13,36,5,23,0,0,0,71,75,62,54.7,Matches
455,Fabian Schär,ch SUI,DF,Newcastle Utd,33-125,1991,27.7,7,1,0,31,12,4,9,40,19,0,0,0,121,36,59,37.9,Matches
456,Jeffrey Schlupp,gh GHA,"MF,DF",Crystal Palace,32-122,1992,1.1,0,0,0,1,0,0,4,0,0,0,0,0,6,3,4,42.9,Matches
457,Alex Scott,eng ENG,MF,Bournemouth,21-246,2003,6.8,2,0,0,9,24,0,3,9,12,0,0,0,45,5,6,45.5,Matches
458,Matz Sels,be BEL,GK,Nott'ham Forest,33-057,1992,33.0,3,0,0,0,10,0,0,0,1,0,0,0,9,14,2,87.5,Matches
459,Nélson Semedo,pt POR,DF,Wolves,31-159,1993,27.6,7,0,0,42,27,3,54,22,31,0,1,0,114,27,39,40.9,Matches
460,Antoine Semenyo,gh GHA,FW,Bournemouth,25-107,2000,31.4,9,0,0,64,36,14,52,8,33,1,0,0,142,60,71,45.8,Matches
461,Marcos Senesi,ar ARG,DF,Bournemouth,27-349,1997,11.2,5,0,0,19,7,0,10,11,21,0,0,0,67,23,27,46.0,Matches
462,Ryan Sessegnon,eng ENG,"FW,DF",Fulham,24-341,2000,3.6,0,0,0,11,2,1,4,2,7,0,0,0,15,6,8,42.9,Matches
463,Luke Shaw,eng ENG,DF,Manchester Utd,29-286,1995,0.9,0,0,0,1,0,0,1,1,2,0,0,0,6,0,0,,Matches
464,Zain Silcott-Duberry,ms MSR,FW,Bournemouth,19-289,2005,0.0,0,0,0,0,0,0,0,0,1,0,0,0,0,0,1,0.0,Matches
465,Bernardo Silva,pt POR,"MF,FW",Manchester City,30-257,1994,25.7,7,0,0,25,27,3,50,19,32,0,0,0,90,5,10,33.3,Matches
466,Jota Silva,pt POR,"FW,MF",Nott'ham Forest,25-266,1999,9.2,5,0,0,24,22,7,19,12,13,1,0,0,42,21,27,43.8,Matches
467,Eric da Silva Moreira,de GER,"MF,DF",Nott'ham Forest,18-356,2006,0.3,0,0,0,0,0,0,0,1,2,0,0,0,2,0,0,,Matches
468,Jahmai Simpson-Pusey,eng ENG,DF,Manchester City,19-171,2005,1.1,1,0,0,0,1,0,0,0,0,0,0,0,3,1,3,25.0,Matches
469,Luis Sinisterra,co COL,"FW,MF",Bournemouth,25-311,1999,2.6,0,0,0,4,2,1,7,1,2,0,0,0,17,3,7,30.0,Matches
470,Oliver Skipp,eng ENG,MF,Leicester City,24-220,2000,9.6,6,0,0,13,13,0,4,8,4,0,0,0,35,10,5,66.7,Matches
471,William Smallbone,ie IRL,MF,Southampton,25-062,2000,6.8,1,0,0,10,3,0,31,2,10,0,1,0,23,4,2,66.7,Matches
472,Adam Smith,eng ENG,DF,Bournemouth,33-360,1991,14.7,5,0,0,13,10,0,28,14,10,0,0,0,40,12,12,50.0,Matches
473,Emile Smith Rowe,eng ENG,MF,Fulham,24-270,2000,20.3,2,0,0,17,12,4,13,10,17,0,0,0,64,6,16,27.3,Matches
474,Dominic Solanke,eng ENG,FW,Tottenham,27-222,1997,22.8,0,0,0,36,36,5,4,0,11,0,0,1,37,41,55,42.7,Matches
475,Carlos Soler,es ESP,"MF,FW",West Ham,28-112,1997,15.0,5,0,0,24,17,0,31,8,10,0,0,0,63,9,11,45.0,Matches
Rk,Player,Nation,Pos,Squad,Age,Born,90s,CrdY,CrdR,2CrdY,Fls,Fld,Off,Crs,Int,TklW,PKwon,PKcon,OG,Recov,Won,Lost,Won%,Matches
476,Julio Soler,ar ARG,FW,Bournemouth,20-067,2005,0.0,0,0,0,0,1,0,0,0,1,0,0,0,0,0,0,,Matches
477,Ramón Sosa,py PAR,"FW,MF",Nott'ham Forest,25-236,1999,2.9,1,0,0,6,8,3,8,3,3,0,0,0,20,4,7,36.4,Matches
478,Tomáš Souček,cz CZE,MF,West Ham,30-056,1995,24.0,8,0,0,39,23,4,11,15,18,1,0,0,50,87,65,57.2,Matches
479,Boubakary Soumaré,fr FRA,MF,Leicester City,26-056,1999,21.2,8,0,0,20,20,0,8,24,17,0,0,0,128,19,9,67.9,Matches
480,Djed Spence,eng ENG,DF,Tottenham,24-258,2000,15.8,4,1,1,18,23,2,22,17,29,0,0,1,84,17,12,58.6,Matches
481,Jay Stansfield,eng ENG,MF,Fulham,22-151,2002,0.0,0,0,0,1,0,0,0,0,0,0,0,0,0,0,0,,Matches
482,Jason Steele,eng ENG,GK,Brighton,34-249,1990,2.0,0,0,0,0,1,0,0,0,0,0,0,0,7,1,1,50.0,Matches
483,Jack Stephens,eng ENG,DF,Southampton,31-087,1994,11.9,2,2,0,12,3,1,0,11,18,0,1,0,39,6,6,50.0,Matches
484,Raheem Sterling,eng ENG,"FW,MF",Arsenal,30-137,1994,4.8,1,0,0,12,3,4,14,1,4,0,0,0,13,1,3,25.0,Matches
485,Ross Stewart,sct SCO,"FW,MF",Southampton,28-287,1996,2.0,1,0,0,4,5,1,0,0,0,0,0,0,2,6,8,42.9,Matches
486,Jakub Stolarczyk,pl POL,GK,Leicester City,24-126,2000,6.0,1,0,0,0,0,0,0,0,1,0,0,0,7,3,0,100.0,Matches
487,John Stones,eng ENG,"DF,MF",Manchester City,30-331,1994,6.1,1,0,0,2,2,0,0,4,2,0,0,0,22,8,6,57.1,Matches
488,Jørgen Strand Larsen,no NOR,FW,Wolves,25-077,2000,26.5,4,0,0,46,17,14,6,5,6,0,0,0,42,63,94,40.1,Matches
489,Yukinari Sugawara,jp JPN,"DF,MF",Southampton,24-300,2000,16.3,4,0,0,15,9,4,69,10,16,0,2,0,40,5,9,35.7,Matches
490,Kamaldeen Sulemana,gh GHA,"FW,MF",Southampton,23-068,2002,11.6,0,0,0,16,10,2,23,5,13,0,0,0,48,6,20,23.1,Matches
491,Crysencio Summerville,nl NED,"FW,MF",West Ham,23-176,2001,8.7,2,0,0,9,23,4,21,0,7,0,0,0,38,4,9,30.8,Matches
492,Sammie Szmodics,ie IRL,"FW,MF",Ipswich Town,29-212,1995,10.9,2,0,0,9,8,8,13,6,9,0,1,0,41,6,11,35.3,Matches
493,Dominik Szoboszlai,hu HUN,MF,Liverpool,24-181,2000,24.3,6,0,0,35,21,4,33,9,20,0,0,0,117,18,22,45.0,Matches
494,Matt Targett,eng ENG,DF,Newcastle Utd,29-218,1995,0.2,0,0,0,0,0,0,1,1,0,0,0,0,2,0,0,,Matches
495,James Tarkowski,eng ENG,DF,Everton,32-156,1992,32.5,6,0,0,35,28,2,1,41,40,0,1,0,98,102,33,75.6,Matches
496,Marcus Tavernier,eng ENG,"FW,MF",Bournemouth,26-033,1999,17.3,5,0,0,25,20,4,89,4,23,0,0,0,96,22,30,42.3,Matches
497,Charlie Taylor,eng ENG,DF,Southampton,31-218,1993,3.0,1,0,0,2,2,0,9,3,5,0,0,0,7,4,2,66.7,Matches
498,Jack Taylor,ie IRL,MF,Ipswich Town,26-305,1998,6.7,3,0,0,14,4,0,6,6,7,0,0,0,40,7,5,58.3,Matches
499,Mathys Tel,fr FRA,FW,Tottenham,19-362,2005,5.5,0,0,0,6,5,0,23,0,1,0,0,0,22,1,2,33.3,Matches
500,Kenny Tete,nl NED,DF,Fulham,29-197,1995,15.0,3,0,0,25,13,0,21,28,29,0,0,0,54,16,11,59.3,Matches
Rk,Player,Nation,Pos,Squad,Age,Born,90s,CrdY,CrdR,2CrdY,Fls,Fld,Off,Crs,Int,TklW,PKwon,PKcon,OG,Recov,Won,Lost,Won%,Matches
501,Thiago,br BRA,FW,Brentford,23-302,2001,1.5,0,0,0,3,3,1,1,2,2,0,0,0,9,4,3,57.1,Matches
502,Luke Thomas,eng ENG,DF,Leicester City,23-318,2001,7.7,1,0,0,3,5,0,19,11,18,0,1,0,27,8,11,42.1,Matches
503,Youri Tielemans,be BEL,MF,Aston Villa,27-352,1997,32.4,4,0,0,40,53,0,115,21,56,0,0,0,140,22,18,55.0,Matches
504,Kieran Tierney,sct SCO,"DF,FW",Arsenal,27-323,1997,2.0,0,0,0,0,2,2,10,2,4,0,0,0,3,3,5,37.5,Matches
505,Jurriën Timber,nl NED,DF,Arsenal,23-311,2001,26.9,7,0,0,31,29,6,28,22,38,0,0,0,94,22,20,52.4,Matches
506,Jean-Clair Todibo,fr FRA,DF,West Ham,25-115,1999,15.5,2,0,0,10,5,0,2,20,22,0,0,0,57,23,23,50.0,Matches
507,Harry Toffolo,eng ENG,DF,Nott'ham Forest,29-248,1995,1.5,1,0,0,1,0,0,4,2,3,0,0,0,2,1,0,100.0,Matches
508,Takehiro Tomiyasu,jp JPN,DF,Arsenal,26-170,1998,0.1,0,0,0,0,0,0,0,0,0,0,0,0,0,0,0,,Matches
509,Sandro Tonali,it ITA,MF,Newcastle Utd,24-351,2000,24.2,5,0,0,34,39,2,28,29,29,1,0,0,156,12,10,54.5,Matches
510,Pau Torres,es ESP,DF,Aston Villa,28-098,1997,19.2,1,0,0,6,7,0,1,9,14,0,0,0,53,16,22,42.1,Matches
511,Conor Townsend,eng ENG,DF,Ipswich Town,32-051,1993,3.7,1,0,0,2,4,0,12,4,8,0,0,0,8,6,4,60.0,Matches
512,Adama Traoré,es ESP,"FW,MF",Fulham,29-089,1996,16.9,2,0,0,20,29,1,84,1,12,0,0,0,75,24,25,49.0,Matches
513,Boubacar Traoré,ml MLI,MF,Wolves,23-247,2001,0.0,0,0,0,0,0,0,0,0,0,0,0,0,0,0,1,0.0,Matches
514,Mark Travers,ie IRL,GK,Bournemouth,25-341,1999,5.0,0,0,0,0,1,0,0,0,0,0,0,0,3,1,0,100.0,Matches
515,Ryan Trevitt,eng ENG,MF,Brentford,22-043,2003,0.0,0,0,0,0,0,0,0,0,1,0,0,0,2,0,0,,Matches
516,Kieran Trippier,eng ENG,DF,Newcastle Utd,34-217,1990,12.2,1,0,0,13,9,2,62,11,19,0,0,0,57,19,10,65.5,Matches
517,Leandro Trossard,be BEL,FW,Arsenal,30-141,1994,25.2,4,1,1,24,41,5,78,9,16,0,0,0,90,6,21,22.2,Matches
518,Kostas Tsimikas,gr GRE,DF,Liverpool,28-347,1996,7.4,2,0,0,9,6,1,53,10,17,0,0,0,26,5,6,45.5,Matches
519,Axel Tuanzebe,cd COD,DF,Ipswich Town,27-161,1997,16.1,5,1,1,12,11,0,6,21,17,0,0,1,43,15,16,48.4,Matches
520,Destiny Udogie,it ITA,DF,Tottenham,22-147,2002,19.4,2,0,0,29,36,2,19,19,44,0,0,0,103,13,13,50.0,Matches
521,Manuel Ugarte Ribeiro,uy URU,MF,Manchester Utd,24-013,2001,17.7,9,0,0,35,31,0,7,25,43,0,0,1,110,17,17,50.0,Matches
522,Lesley Ugochukwu,fr FRA,MF,Southampton,21-029,2004,15.1,5,0,0,26,14,0,5,12,22,0,1,0,57,16,16,50.0,Matches
523,Enes Ünal,tr TUR,"FW,MF",Bournemouth,27-349,1997,3.8,2,0,0,6,9,1,4,0,0,0,0,0,16,24,22,52.2,Matches
524,Virgil van Dijk,nl NED,DF,Liverpool,33-290,1991,33.0,3,0,0,15,12,0,1,52,16,0,0,0,104,109,44,71.2,Matches
525,Jamie Vardy,eng ENG,FW,Leicester City,38-103,1987,27.6,5,0,0,20,19,23,10,3,13,1,0,0,34,47,50,48.5,Matches
Rk,Player,Nation,Pos,Squad,Age,Born,90s,CrdY,CrdR,2CrdY,Fls,Fld,Off,Crs,Int,TklW,PKwon,PKcon,OG,Recov,Won,Lost,Won%,Matches
526,Renato Veiga,pt POR,"DF,MF",Chelsea,21-269,2003,2.0,2,0,0,6,1,1,0,1,6,0,0,0,9,3,3,50.0,Matches
527,Joël Veltman,nl NED,DF,Brighton,33-099,1992,18.3,4,0,0,26,42,0,23,18,28,0,1,0,67,21,18,53.8,Matches
528,Micky van de Ven,nl NED,DF,Tottenham,24-005,2001,10.6,4,0,0,10,8,0,0,10,6,0,0,0,61,19,18,51.4,Matches
529,Bart Verbruggen,nl NED,GK,Brighton,22-249,2002,31.0,5,0,0,0,2,0,0,0,0,0,0,0,57,10,1,90.9,Matches
530,Jannik Vestergaard,dk DEN,DF,Leicester City,32-264,1992,15.5,5,0,0,12,4,0,0,16,10,0,0,1,46,26,19,57.8,Matches
531,Guglielmo Vicario,it ITA,GK,Tottenham,28-199,1996,21.0,1,0,0,0,1,0,0,1,0,0,0,0,30,9,0,100.0,Matches
532,Carlos Vinícius,br BRA,"FW,MF",Fulham,30-030,1995,0.1,0,0,0,0,1,0,0,0,0,0,0,0,0,0,0,,Matches
533,Kyle Walker,eng ENG,DF,Manchester City,34-331,1990,10.8,3,0,0,6,5,1,14,3,10,0,0,0,46,9,7,56.3,Matches
534,Kyle Walker-Peters,eng ENG,DF,Southampton,28-011,1997,30.4,5,0,0,26,48,2,51,17,28,0,0,0,126,10,20,33.3,Matches
535,Christian Walton,eng ENG,GK,Ipswich Town,29-166,1995,6.0,0,0,0,0,1,0,0,0,0,0,0,0,5,2,0,100.0,Matches
536,Aaron Wan-Bissaka,eng ENG,DF,West Ham,27-149,1997,30.0,1,0,0,22,23,4,61,57,43,0,0,1,153,22,28,44.0,Matches
537,Danny Ward,wls WAL,GK,Leicester City,31-306,1993,1.5,0,0,0,0,0,0,0,0,0,0,0,0,1,0,0,,Matches
538,Joel Ward,eng ENG,DF,Crystal Palace,35-177,1989,0.0,0,0,0,0,0,0,0,0,0,0,0,0,0,1,0,100.0,Matches
539,James Ward-Prowse,eng ENG,MF,West Ham,30-174,1994,8.4,2,0,0,8,2,0,37,5,9,0,0,0,39,5,4,55.6,Matches
540,James Ward-Prowse,eng ENG,MF,Nott'ham Forest,30-174,1994,4.4,2,1,1,7,2,0,19,5,1,0,0,0,19,3,5,37.5,Matches
541,Ollie Watkins,eng ENG,FW,Aston Villa,29-115,1995,25.1,2,0,0,27,29,12,7,7,6,2,0,0,39,46,61,43.0,Matches
542,Adam Webster,eng ENG,DF,Brighton,30-110,1995,6.9,0,0,0,5,2,1,1,14,5,0,1,0,20,17,4,81.0,Matches
543,Danny Welbeck,eng ENG,FW,Brighton,34-149,1990,19.6,4,0,0,10,20,2,3,5,13,0,0,0,35,15,23,39.5,Matches
544,Welington,br BRA,"DF,MF",Southampton,24-064,2001,2.4,1,0,0,3,5,0,10,3,5,0,1,0,10,0,2,0.0,Matches
545,Timo Werner,de GER,"FW,MF",Tottenham,29-049,1996,5.7,0,0,0,3,5,5,28,1,4,0,0,0,18,0,1,0.0,Matches
546,Adam Wharton,eng ENG,MF,Crystal Palace,20-326,2004,14.0,2,0,0,12,21,0,35,18,14,0,0,0,96,7,16,30.4,Matches
547,Ben White,eng ENG,DF,Arsenal,27-198,1997,9.5,2,0,0,8,4,1,10,12,8,0,0,0,24,11,3,78.6,Matches
548,Mats Wieffer,nl NED,"MF,DF",Brighton,25-159,1999,6.7,4,0,0,16,5,0,5,10,16,0,0,0,50,22,17,56.4,Matches
549,Neco Williams,wls WAL,DF,Nott'ham Forest,24-011,2001,23.8,5,0,0,20,34,1,40,24,44,0,0,0,84,34,25,57.6,Matches
550,Willian,br BRA,"MF,FW",Fulham,36-258,1988,1.8,0,0,0,1,0,0,8,1,1,0,0,0,14,1,2,33.3,Matches
Rk,Player,Nation,Pos,Squad,Age,Born,90s,CrdY,CrdR,2CrdY,Fls,Fld,Off,Crs,Int,TklW,PKwon,PKcon,OG,Recov,Won,Lost,Won%,Matches
551,Joe Willock,eng ENG,"MF,FW",Newcastle Utd,25-247,1999,9.9,2,0,0,19,11,3,13,5,14,0,0,0,34,3,10,23.1,Matches
552,Callum Wilson,eng ENG,FW,Newcastle Utd,33-056,1992,2.8,1,0,0,2,1,1,1,1,2,0,0,0,10,2,12,14.3,Matches
553,Harry Wilson,wls WAL,"FW,MF",Fulham,28-033,1997,9.5,2,0,0,10,16,0,30,5,7,1,0,0,39,4,16,20.0,Matches
554,Harry Winks,eng ENG,MF,Leicester City,29-081,1996,17.1,4,0,0,9,13,0,34,9,11,0,0,0,106,8,6,57.1,Matches
555,Ben Winterburn,eng ENG,"FW,MF",Bournemouth,20-232,2004,0.3,0,0,0,0,1,0,0,2,0,0,0,0,2,1,0,100.0,Matches
556,Yoane Wissa,cd COD,FW,Brentford,28-233,1996,27.4,2,0,0,26,44,14,20,8,8,1,0,0,61,28,31,47.5,Matches
557,Chris Wood,nz NZL,FW,Nott'ham Forest,33-138,1991,27.9,1,0,0,22,20,24,1,5,4,0,0,0,40,80,117,40.6,Matches
558,Nathan Wood-Gordon,eng ENG,DF,Southampton,22-328,2002,6.9,2,0,0,8,4,0,3,4,7,0,0,0,20,11,7,61.1,Matches
559,Luke Woolfenden,eng ENG,DF,Ipswich Town,26-185,1998,11.2,2,0,0,5,2,1,0,18,6,0,0,0,33,15,11,57.7,Matches
560,Yehor Yarmoliuk,ua UKR,MF,Brentford,21-054,2004,11.5,4,0,0,11,8,2,13,9,22,0,0,0,83,7,5,58.3,Matches
561,Ryan Yates,eng ENG,MF,Nott'ham Forest,27-154,1997,19.7,9,0,0,49,46,6,3,25,21,0,0,0,89,43,30,58.9,Matches
562,Leny Yoro,fr FRA,DF,Manchester Utd,19-162,2005,10.9,5,0,0,8,1,1,1,17,10,0,0,0,34,14,13,51.9,Matches
563,Ashley Young,eng ENG,"DF,FW",Everton,39-289,1985,17.6,6,1,0,24,17,0,63,22,28,0,0,0,60,10,10,50.0,Matches
564,Illia Zabarnyi,ua UKR,DF,Bournemouth,22-235,2002,29.6,3,1,0,17,6,0,5,34,32,0,0,0,140,67,37,64.4,Matches
565,Oleksandr Zinchenko,ua UKR,"DF,MF",Arsenal,28-130,1996,5.0,1,0,0,8,3,1,10,4,1,0,0,0,16,11,11,50.0,Matches
566,Joshua Zirkzee,nl NED,"FW,MF",Manchester Utd,23-337,2001,15.6,2,0,0,9,13,3,4,6,8,1,0,0,57,21,54,28.0,Matches
567,Martin Ødegaard,no NOR,MF,Arsenal,26-128,1998,22.7,4,0,0,10,20,1,80,4,11,0,0,0,86,8,7,53.3,Matches
